"id";"title";"runtime";"revenue";"adult";"release_date"
1785;"May Fools";107;0;FALSE;1990-01-24
4339;"The Nasty Girl";92;0;FALSE;1990-02-15
2927;"Moon 44";98;0;FALSE;1990-02-15
1669;"The Hunt for Red October";134;199200000;FALSE;1990-03-02
27815;"Basket Case 2";90;0;FALSE;1990-03-02
2565;"Joe Versus the Volcano";102;39404261;FALSE;1990-03-09
31225;"Paris is Burning";71;3779620;FALSE;1990-03-13
114;"Pretty Woman";119;4,63e+08;FALSE;1990-03-23
1498;"Teenage Mutant Ninja Turtles";93;2,02e+08;FALSE;1990-03-30
3101;"I Love You to Death";94;0;FALSE;1990-04-06
54768;"Zapped Again!";96;0;FALSE;1990-04-14
1483;"Begotten";78;0;FALSE;1990-04-30
483;"Wild at Heart";124;14560247;FALSE;1990-05-01
5302;"Without You I'm Nothing";90;1218730;FALSE;1990-05-11
1727;"Bird on a Wire";110;0;FALSE;1990-05-18
196;"Back to the Future Part III";118;244527583;FALSE;1990-05-25
6470;"Fire Birds";85;0;FALSE;1990-05-25
2154;"The Dark Side of The Moon";96;0;FALSE;1990-05-30
861;"Total Recall";113;261317921;FALSE;1990-06-01
928;"Gremlins 2: The New Batch";106;41482207;FALSE;1990-06-15
45179;"Xuxa in Crystal Moon";90;0;FALSE;1990-06-22
2119;"Days of Thunder";107;157920733;FALSE;1990-06-27
1573;"Die Hard 2";124;240031094;FALSE;1990-07-02
251;"Ghost";127;5,05e+08;FALSE;1990-07-12
2102;"Solar Crisis";112;0;FALSE;1990-07-14
36529;"Metamorphosis";96;0;FALSE;1990-08-07
2891;"An Angel at My Table";158;0;FALSE;1990-09-05
769;"GoodFellas";145;46836394;FALSE;1990-09-12
379;"Miller's Crossing";115;5080409;FALSE;1990-09-21
2990;"Pacific Heights";102;29381956;FALSE;1990-09-28
2302;"Avalon";126;0;FALSE;1990-10-05
2612;"Mr. Destiny";110;15379253;FALSE;1990-10-12
31923;"Welcome Home, Roxy Carmichael";95;0;FALSE;1990-10-12
1375;"Rocky V";104;119946358;FALSE;1990-10-18
2291;"Jacob's Ladder";113;25965144;FALSE;1990-11-02
3072;"Frankenstein Unbound";82;0;FALSE;1990-11-02
581;"Dances with Wolves";181;424208848;FALSE;1990-11-09
100032;"The Great Los Angeles Earthquake";180;0;FALSE;1990-11-11
169;"Predator 2";108;57120318;FALSE;1990-11-20
162;"Edward Scissorhands";105;5,3e+07;FALSE;1990-12-05
6723;"The Rookie";120;21633874;FALSE;1990-12-06
4587;"Mermaids";110;35419397;FALSE;1990-12-14
951;"Kindergarten Cop";111;201957688;FALSE;1990-12-21
242;"The Godfather: Part III";162;136766062;FALSE;1990-12-24
8010;"Highlander II: The Quickening";91;15556340;FALSE;1991-01-30
274;"The Silence of the Lambs";119;272742922;FALSE;1991-02-01
47423;"Once a Thief";103;4303351;FALSE;1991-02-02
2107;"L.A. Story";95;0;FALSE;1991-02-08
1497;"Teenage Mutant Ninja Turtles II: The Secret of the Ooze";88;7,8e+07;FALSE;1991-03-22
2528;"Madame Bovary";136;1942423;FALSE;1991-04-03
892;"Delicatessen";99;1794187;FALSE;1991-04-17
31696;"A Kiss Before Dying";95;15429177;FALSE;1991-04-26
49396;"The Haunted";100;0;FALSE;1991-05-06
2125;"Wedlock";101;0;FALSE;1991-05-10
1600;"The Double Life of Veronique";97;1999955;FALSE;1991-05-15
2924;"Backdraft";137;152368585;FALSE;1991-05-24
1541;"Thelma & Louise";130;45361000;FALSE;1991-05-24
2611;"Only the Lonely";104;21830957;FALSE;1991-05-24
89337;"Blood Ties";84;0;FALSE;1991-05-27
1713;"Jungle Fever";132;32482682;FALSE;1991-06-07
1406;"City Slickers";112;179033791;FALSE;1991-06-07
8367;"Robin Hood: Prince of Thieves";143;390493908;FALSE;1991-06-14
280;"Terminator 2: Judgment Day";137;5,2e+08;FALSE;1991-07-01
1089;"Point Break";120;83531958;FALSE;1991-07-12
650;"Boyz n the Hood";112;57504069;FALSE;1991-07-12
1649;"Bill & Ted's Bogus Journey";98;0;FALSE;1991-07-19
290;"Barton Fink";116;6153939;FALSE;1991-08-01
2453;"Harley Davidson and the Marlboro Man";98;7434726;FALSE;1991-08-23
5048;"Prospero's Books";120;1750301;FALSE;1991-09-05
4539;"Hearts of Darkness: A Filmmaker's Apocalypse";96;0;FALSE;1991-09-06
177;"The Fisher King";137;41895491;FALSE;1991-09-09
50162;"964 Pinocchio";97;0;FALSE;1991-09-14
2169;"Manta - Der Film";90;0;FALSE;1991-09-18
26850;"Under Suspicion";99;221295;FALSE;1991-09-27
1358;"A Brief History of Time";80;0;FALSE;1991-10-01
339;"Night on Earth";129;2015810;FALSE;1991-10-03
1411;"The Rapture";100;1277401;FALSE;1991-10-04
2071;"Shattered";98;11511031;FALSE;1991-10-11
1772;"City of Hope";129;0;FALSE;1991-10-11
2767;"Les Amants du Pont-Neuf";125;0;FALSE;1991-10-16
468;"My Own Private Idaho";104;0;FALSE;1991-10-17
3784;"Frankie and Johnny";118;22773535;FALSE;1991-10-18
4734;"Van Gogh";158;138000;FALSE;1991-10-30
43267;"29th Street";101;0;FALSE;1991-11-01
70984;"Silent Night, Deadly Night 5: The Toy Maker";90;0;FALSE;1991-11-06
1598;"Cape Fear";128;182300000;FALSE;1991-11-15
2297;"Kafka";98;0;FALSE;1991-11-15
2907;"The Addams Family";99;191502426;FALSE;1991-11-22
174;"Star Trek VI: The Undiscovered Country";113;96900000;FALSE;1991-12-05
879;"Hook";144;300854823;FALSE;1991-12-11
820;"JFK";189;205405498;FALSE;1991-12-20
1633;"Fried Green Tomatoes";130;119418501;FALSE;1991-12-27
47714;"The Stolen Children";114;0;FALSE;1992-01-01
112582;"Fraternity Demon";85;0;FALSE;1992-01-01
33380;"Gayniggers from Outer Space";26;0;FALSE;1992-01-01
54220;"Anima Mundi";28;0;FALSE;1992-01-01
26599;"Duel of Hearts";0;0;FALSE;1992-01-01
2038;"Iron Eagle III";98;0;FALSE;1992-01-09
5765;"Knight Moves";116;0;FALSE;1992-01-14
27816;"Basket Case 3";90;0;FALSE;1992-02-01
4823;"Final Analysis";117;28590665;FALSE;1992-02-07
41769;"Prom Night IV: Deliver Us from Evil";92;0;FALSE;1992-02-14
8872;"Wayne's World";94;121697323;FALSE;1992-02-14
2441;"Cows";96;0;FALSE;1992-02-26
2687;"Memoirs of an Invisible Man";99;14358033;FALSE;1992-02-28
6547;"Schtonk!";115;0;FALSE;1992-03-12
1482;"Laws of Gravity";100;0;FALSE;1992-03-21
2731;"Indochine";148;0;FALSE;1992-04-15
5899;"The Northerners";108;0;FALSE;1992-04-17
62383;"Passed Away";96;0;FALSE;1992-04-24
46972;"Big Girls Don't Cry... They Get Even";96;0;FALSE;1992-05-08
943;"Lethal Weapon 3";118;321731527;FALSE;1992-05-15
2005;"Sister Act";100;231605150;FALSE;1992-05-28
1923;"Twin Peaks: Fire Walk with Me";134;4160851;FALSE;1992-06-03
364;"Batman Returns";126;2,8e+08;FALSE;1992-06-19
2613;"Prelude to a Kiss";105;22697691;FALSE;1992-07-10
5237;"Dust Devil";103;0;FALSE;1992-08-08
500;"Reservoir Dogs";99;14661007;FALSE;1992-09-02
2322;"Sneakers";126;105232691;FALSE;1992-09-09
766;"Army of Darkness";81;0;FALSE;1992-10-09
293;"A River Runs Through It";123;43440294;FALSE;1992-10-09
6114;"Dracula";128;215862692;FALSE;1992-11-13
103299;"Traces of Red";105;3206713;FALSE;1992-11-13
1883;"Malcolm X";202;48169908;FALSE;1992-11-18
619;"The Bodyguard";129;411006740;FALSE;1992-11-25
2470;"Belle Époque";109;0;FALSE;1992-12-04
881;"A Few Good Men";138;243240178;FALSE;1992-12-11
34334;"That Night";89;0;FALSE;1992-12-17
2007;"Lorenzo's Oil";135;7286388;FALSE;1992-12-30
49688;"Johnny 100 Pesos";90;0;FALSE;1993-01-01
99106;"The Monster";132;0;FALSE;1993-01-01
108;"Three Colors: Blue";98;0;FALSE;1993-01-10
26797;"Denis Leary: No Cure for Cancer";62;0;FALSE;1993-01-12
7305;"Alive";120;36733909;FALSE;1993-01-15
2149;"Body of Evidence";101;13273595;FALSE;1993-01-15
1049;"Sommersby";109;140081992;FALSE;1993-02-05
1644;"The Vanishing";109;0;FALSE;1993-02-05
137;"Groundhog Day";101;70906973;FALSE;1993-02-11
31000;"Amos & Andrew";96;0;FALSE;1993-03-05
1499;"Teenage Mutant Ninja Turtles III";96;4,2e+07;FALSE;1993-03-17
91548;"Ring of Fire II: Blood and Steel";94;0;FALSE;1993-03-17
4478;"Indecent Proposal";117;266614059;FALSE;1993-04-07
1987;"Benny's Video";105;0;FALSE;1993-04-14
4104;"Benny & Joon";98;23202734;FALSE;1993-04-16
5187;"Three of Hearts";110;0;FALSE;1993-04-30
5051;"The Baby of Mâcon";122;0;FALSE;1993-05-01
867;"Sliver";108;116300000;FALSE;1993-05-21
4722;"Body Snatchers";87;428868;FALSE;1993-06-09
329;"Jurassic Park";127;920100000;FALSE;1993-06-11
858;"Sleepless in Seattle";105;227799884;FALSE;1993-06-24
7007;"Rising Sun";125;107198790;FALSE;1993-07-30
5503;"The Fugitive";130;368875760;FALSE;1993-08-06
57845;"Mandroid";81;0;FALSE;1993-08-18
2019;"Hard Target";97;74189677;FALSE;1993-08-20
695;"Short Cuts";187;6110979;FALSE;1993-09-05
1479;"Clean, Shaven";79;0;FALSE;1993-09-05
1413;"M. Butterfly";101;1499795;FALSE;1993-09-09
319;"True Romance";120;12281551;FALSE;1993-09-09
2047;"The Real McCoy";100;0;FALSE;1993-09-10
2887;"And the Band Played On";140;0;FALSE;1993-09-11
2088;"Romeo Is Bleeding";100;3275585;FALSE;1993-09-13
2246;"Malice";107;46405336;FALSE;1993-09-29
864;"Cool Runnings";98;154864401;FALSE;1993-09-30
507;"Killing Zoe";96;418961;FALSE;1993-10-01
2625;"Mr. Jones";114;0;FALSE;1993-10-08
84152;"Dollman vs. Demonic Toys";64;0;FALSE;1993-10-13
6;"Judgment Night";110;12136938;FALSE;1993-10-15
2259;"The House of the Spirits";140;0;FALSE;1993-10-19
1245;"The Remains of the Day";134;23237911;FALSE;1993-11-05
2758;"Addams Family Values";94;48919043;FALSE;1993-11-19
49299;"Dangerous Game";108;0;FALSE;1993-11-19
58306;"Devo: The Complete Truth About De-Evolution";90;0;FALSE;1993-11-19
788;"Mrs. Doubtfire";125;441286195;FALSE;1993-11-24
424;"Schindler's List";195;321365567;FALSE;1993-11-29
1689;"Little Buddha";140;4858139;FALSE;1993-12-01
90376;"Love, Cheat & Steal";96;0;FALSE;1993-12-05
6279;"Sister Act 2: Back in the Habit";107;57319029;FALSE;1993-12-09
8873;"Wayne's World 2";95;47965000;FALSE;1993-12-10
6593;"Godzilla vs. Mechagodzilla II";108;0;FALSE;1993-12-11
7984;"In the Name of the Father";133;65796862;FALSE;1993-12-12
1587;"What's Eating Gilbert Grape";118;10032765;FALSE;1993-12-17
531;"The Wrong Trousers";30;0;FALSE;1993-12-17
55156;"Hail the Judge";106;0;FALSE;1994-01-01
26391;"Cabin Boy";80;3662459;FALSE;1994-01-07
160718;"I Spy Returns";95;0;FALSE;1994-02-03
2087;"The Getaway";115;30;FALSE;1994-02-11
2788;"Reality Bites";99;20079850;FALSE;1994-02-18
48791;"Royal Deceit";85;0;FALSE;1994-02-23
6498;"Nightwatch";107;0;FALSE;1994-02-25
27768;"Some Folks Call It a Sling Blade";25;0;FALSE;1994-03-26
2701;"Abraham";175;0;FALSE;1994-04-03
2348;"Holy Matrimony";93;616938;FALSE;1994-04-08
33124;"1942: A Love Story";157;0;FALSE;1994-04-15
81949;"An Unforgettable Summer";82;65352;FALSE;1994-05-15
64900;"I Can't Sleep";112;0;FALSE;1994-05-18
306;"Beverly Hills Cop III";104;119208989;FALSE;1994-05-24
888;"The Flintstones";91;341631208;FALSE;1994-05-26
110;"Three Colors: Red";99;0;FALSE;1994-05-27
2759;"The Adventures of Priscilla, Queen of the Desert";104;11220670;FALSE;1994-05-31
178;"Blown Away";121;30156002;FALSE;1994-07-01
8850;"The Shadow";108;48063435;FALSE;1994-07-01
13;"Forrest Gump";142;677945399;FALSE;1994-07-06
854;"The Mask";101;351583407;FALSE;1994-07-29
2124;"Color of Night";121;19726050;FALSE;1994-08-19
241;"Natural Born Killers";119;50282766;FALSE;1994-08-25
8986;"Milk Money";108;18137661;FALSE;1994-08-31
1024;"Heavenly Creatures";99;3049135;FALSE;1994-09-02
527;"Once Were Warriors";99;2201126;FALSE;1994-09-02
26564;"Crumb";119;3174695;FALSE;1994-09-10
680;"Pulp Fiction";154;213928762;FALSE;1994-09-10
2292;"Clerks";92;3151130;FALSE;1994-09-13
101;"Leon: The Professional";110;45284974;FALSE;1994-09-14
8831;"Timecop";99;101646581;FALSE;1994-09-15
278;"The Shawshank Redemption";142;28341469;FALSE;1994-09-23
522;"Ed Wood";127;5887457;FALSE;1994-09-27
236;"Muriel's Wedding";106;15119639;FALSE;1994-09-29
8987;"The River Wild";111;0;FALSE;1994-09-30
1909;"Don Juan DeMarco";97;22200000;FALSE;1994-10-01
159;"Maybe... Maybe Not";90;0;FALSE;1994-10-05
2636;"The Specialist";110;170362582;FALSE;1994-10-07
27793;"The Neverending Story III: Escape from Fantasia";95;0;FALSE;1994-10-26
2164;"Stargate";121;196567262;FALSE;1994-10-27
8983;"Felidae";82;0;FALSE;1994-11-03
3036;"Mary Shelley's Frankenstein";123;112006296;FALSE;1994-11-04
2436;"Double Dragon";89;2341309;FALSE;1994-11-04
628;"Interview with the Vampire";123;223664608;FALSE;1994-11-11
193;"Star Trek: Generations";118;1,2e+08;FALSE;1994-11-17
8011;"Highlander: The Final Dimension";99;36800000;FALSE;1994-11-29
4954;"Drop Zone";101;0;FALSE;1994-12-08
8984;"Disclosure";123;214015089;FALSE;1994-12-09
2654;"In the Mouth of Madness";95;8946600;FALSE;1994-12-12
390;"Lisbon Story";100;0;FALSE;1994-12-16
1652;"00 Schneider - Jagd auf Nihil Baxter";92;0;FALSE;1994-12-21
1945;"Nell";112;106683817;FALSE;1994-12-23
1702;"Death Machine";117;1422749;FALSE;1994-12-23
38499;"The Howling: New Moon Rising";90;0;FALSE;1995-01-01
76;"Before Sunrise";105;5535405;FALSE;1995-01-27
37731;"Jönssonligans största kupp";99;0;FALSE;1995-02-03
4482;"French Twist";95;0;FALSE;1995-02-08
80350;"Tough and Deadly";92;0;FALSE;1995-02-14
95963;"The Walking Dead";88;0;FALSE;1995-02-24
89904;"The Demolitionist";0;0;FALSE;1995-03-09
6950;"Outbreak";127;189859560;FALSE;1995-03-10
54648;"The Pebble and the Penguin";74;3983912;FALSE;1995-04-11
2064;"While You Were Sleeping";103;182057016;FALSE;1995-04-21
2307;"A Pyromaniac's Love Story";94;0;FALSE;1995-04-28
8963;"Crimson Tide";116;157387195;FALSE;1995-05-12
902;"The City of Lost Children";108;1738611;FALSE;1995-05-16
1572;"Die Hard: With a Vengeance";128;366101666;FALSE;1995-05-19
577;"To Die For";106;21284514;FALSE;1995-05-20
1873;"Beyond Rangoon";100;0;FALSE;1995-05-24
8839;"Casper";100;287928194;FALSE;1995-05-26
688;"The Bridges of Madison County";135;182016617;FALSE;1995-05-28
2021;"Jack & Sarah";110;218626;FALSE;1995-06-02
414;"Batman Forever";121;336529144;FALSE;1995-06-16
568;"Apollo 13";140;355237933;FALSE;1995-06-30
3512;"Under Siege 2: Dark Territory";100;104324083;FALSE;1995-07-13
1642;"The Net";114;110627965;FALSE;1995-07-28
26258;"Bushwhacked";90;0;FALSE;1995-08-04
8973;"Lord of Illusions";119;0;FALSE;1995-08-25
2892;"Angel Baby";105;0;FALSE;1995-09-09
8447;"Angels and Insects";118;0;FALSE;1995-09-10
880;"Antonia's Line";102;0;FALSE;1995-09-12
2072;"Cyberjack";99;0;FALSE;1995-09-19
281;"Strange Days";145;7959291;FALSE;1995-10-13
8012;"Get Shorty";105;115101622;FALSE;1995-10-20
451;"Leaving Las Vegas";112;49800000;FALSE;1995-10-27
710;"GoldenEye";130;352194034;FALSE;1995-11-16
524;"Casino";178;116112375;FALSE;1995-11-22
2086;"Nick of Time";90;8175346;FALSE;1995-11-22
1484;"The Deathmaker";110;0;FALSE;1995-11-23
26271;"Live Nude Girls";95;0;FALSE;1995-12-08
5;"Four Rooms";98;4300000;FALSE;1995-12-09
4584;"Sense and Sensibility";136;1,35e+08;FALSE;1995-12-13
949;"Heat";170;187436818;FALSE;1995-12-15
55261;"Hidden Assassin";104;0;FALSE;1995-12-15
1408;"Cutthroat Island";119;10017322;FALSE;1995-12-22
922;"Dead Man";121;0;FALSE;1995-12-23
30;"Magnetic Rose";44;0;FALSE;1995-12-23
532;"A Close Shave";30;0;FALSE;1995-12-24
63;"Twelve Monkeys";129;168840000;FALSE;1995-12-29
687;"Dead Man Walking";122;39363635;FALSE;1995-12-29
2054;"Mr. Holland's Opus";137;106269971;FALSE;1995-12-29
755;"From Dusk Till Dawn";108;25836616;FALSE;1996-01-19
32562;"The Celluloid Closet";102;0;FALSE;1996-01-30
2045;"Unforgettable";106;0;FALSE;1996-02-23
627;"Trainspotting";93;16491080;FALSE;1996-02-23
2442;"The Final Cut";96;551281;FALSE;1996-03-01
1608;"When Saturday Comes";95;0;FALSE;1996-03-01
6436;"Star Command";97;0;FALSE;1996-03-11
2320;"Executive Decision";133;121969216;FALSE;1996-03-15
5900;"The Dress";103;0;FALSE;1996-03-21
2074;"Flirting with Disaster";92;14702438;FALSE;1996-03-22
1592;"Primal Fear";129;102616183;FALSE;1996-04-03
275;"Fargo";98;60611975;FALSE;1996-04-05
8866;"The Truth About Cats & Dogs";93;0;FALSE;1996-04-26
784;"Kolya";105;5770254;FALSE;1996-05-05
664;"Twister";113;494471524;FALSE;1996-05-10
26422;"The Pillow Book";126;0;FALSE;1996-05-12
145;"Breaking the Waves";159;3803298;FALSE;1996-05-13
2460;"Earth";125;0;FALSE;1996-05-20
954;"Mission: Impossible";110;457696359;FALSE;1996-05-22
8840;"DragonHeart";103;115267375;FALSE;1996-05-31
105763;"A Chef in Love";100;0;FALSE;1996-06-06
45221;"Delphine 1, Yvan 0";91;0;FALSE;1996-06-19
1645;"A Time to Kill";149;152266007;FALSE;1996-07-24
3573;"Emma";121;22231658;FALSE;1996-08-02
7095;"Jack";113;58620973;FALSE;1996-08-09
549;"Basquiat";108;3011195;FALSE;1996-08-09
3587;"Bogus";110;0;FALSE;1996-09-06
513;"Fire";108;501533;FALSE;1996-09-06
32686;"Gray's Anatomy";80;0;FALSE;1996-09-11
2925;"The First Wives Club";102;116400000;FALSE;1996-09-20
2143;"Carla's Song";125;0;FALSE;1996-09-20
2033;"Infinity";119;0;FALSE;1996-10-04
25750;"Children of the Corn IV: The Gathering";85;0;FALSE;1996-10-08
454;"Romeo + Juliet";120;147298761;FALSE;1996-10-31
409;"The English Patient";162;231976425;FALSE;1996-11-14
2300;"Space Jam";88;250200000;FALSE;1996-11-15
2699;"Titanic";173;0;FALSE;1996-11-17
199;"Star Trek: First Contact";111;1,5e+08;FALSE;1996-11-21
55687;"Adrenalin: Fear the Rush";77;0;FALSE;1996-11-29
33660;"Shiloh";93;0;FALSE;1996-11-30
3179;"Beavis and Butt-Head Do America";81;0;FALSE;1996-12-15
312;"Beyond Silence";109;0;FALSE;1996-12-18
7300;"One Fine Day";108;97529550;FALSE;1996-12-20
4232;"Scream";111;173046663;FALSE;1996-12-20
2928;"Michael";105;119718203;FALSE;1996-12-25
26689;"Retroactive";91;0;FALSE;1997-01-01
471;"Bandyta";102;0;FALSE;1997-01-01
48319;"Joyride";93;0;FALSE;1997-01-01
638;"Lost Highway";134;3675201;FALSE;1997-01-15
8860;"Metro";117;31987563;FALSE;1997-01-16
8765;"Nirvana";113;0;FALSE;1997-01-24
1655;"Praxis Dr. Hasenbein";97;0;FALSE;1997-01-30
2212;"Nightwatch";102;1179002;FALSE;1997-01-31
1968;"Fools Rush In";109;29481428;FALSE;1997-02-14
66;"Absolute Power";121;50068310;FALSE;1997-02-14
158;"Knockin' on Heaven's Door";87;0;FALSE;1997-02-20
4477;"The Devil's Own";107;140807547;FALSE;1997-03-12
27322;"Love Jones";104;0;FALSE;1997-03-14
1624;"Liar Liar";86;302710615;FALSE;1997-03-21
2734;"David";190;0;FALSE;1997-03-23
2255;"Chasing Amy";113;12021272;FALSE;1997-04-04
1610;"Fever Pitch";102;0;FALSE;1997-04-04
2764;"All Stars";115;0;FALSE;1997-05-01
816;"Austin Powers: International Man of Mystery";94;67683989;FALSE;1997-05-02
2163;"Breakdown";95;50159144;FALSE;1997-05-02
108548;"Voyage to the Beginning of the World";95;0;FALSE;1997-05-05
18;"The Fifth Element";126;263920180;FALSE;1997-05-07
2966;"20,000 Leagues Under the Sea";158;0;FALSE;1997-05-11
2058;"Addicted to Love";100;34673095;FALSE;1997-05-23
330;"The Lost World: Jurassic Park";129;229074524;FALSE;1997-05-23
1701;"Con Air";115;224012234;FALSE;1997-06-01
1639;"Speed 2: Cruise Control";121;164508066;FALSE;1997-06-13
8874;"My Best Friend's Wedding";105;299288605;FALSE;1997-06-19
415;"Batman & Robin";125;238207122;FALSE;1997-06-20
754;"Face/Off";138;245676146;FALSE;1997-06-27
1281;"Bean";85;251212670;FALSE;1997-07-03
6264;"Prince Valiant";91;0;FALSE;1997-07-24
5071;"The Crazy Stranger";102;0;FALSE;1997-08-10
2142;"Cop Land";104;44862187;FALSE;1997-08-15
8854;"Steel";97;1686429;FALSE;1997-08-15
4961;"Mimic";105;25480490;FALSE;1997-08-22
2639;"Deconstructing Harry";96;10686841;FALSE;1997-08-26
26180;"Excess Baggage";101;0;FALSE;1997-08-29
5910;"Fireworks";103;0;FALSE;1997-09-03
8675;"Orgazmo";94;0;FALSE;1997-09-06
782;"Gattaca";106;12532777;FALSE;1997-09-07
32456;"Two Girls and a Guy";84;2057193;FALSE;1997-09-07
431;"Cube";90;501818;FALSE;1997-09-09
4995;"Boogie Nights";155;43101594;FALSE;1997-09-11
2649;"The Game";129;109423648;FALSE;1997-09-12
2118;"L.A. Confidential";138;126216940;FALSE;1997-09-19
6187;"Dry Cleaning";97;0;FALSE;1997-09-24
26005;"Made in Hong Kong";104;0;FALSE;1997-10-09
26393;"Breaking Up";90;11690;FALSE;1997-10-17
31413;"Innocence";110;0;FALSE;1997-10-24
267;"Live Flesh";103;1535558;FALSE;1997-10-28
781;"Wintersleepers";120;0;FALSE;1997-10-30
563;"Starship Troopers";129;121214377;FALSE;1997-11-06
2817;"Same Old Song";120;0;FALSE;1997-11-12
45928;"Incognito";108;0;FALSE;1997-11-14
597;"Titanic";194;1845034188;FALSE;1997-11-18
8197;"Midnight in the Garden of Good and Evil";155;25105255;FALSE;1997-11-21
40815;"On Guard";128;0;FALSE;1997-12-03
489;"Good Will Hunting";126;225933435;FALSE;1997-12-05
4233;"Scream 2";120;172363301;FALSE;1997-12-09
714;"Tomorrow Never Dies";119;333011068;FALSE;1997-12-11
6283;"MouseHunt";98;122417389;FALSE;1997-12-19
6116;"Spice World";93;1e+08;FALSE;1997-12-19
2898;"As Good as It Gets";139;314178011;FALSE;1997-12-19
1902;"Open Your Eyes";117;368234;FALSE;1997-12-19
637;"Life Is Beautiful";116;229400000;FALSE;1997-12-20
184;"Jackie Brown";154;39673162;FALSE;1997-12-24
62394;"The Education of Little Tree";115;0;FALSE;1997-12-25
586;"Wag the Dog";97;64256513;FALSE;1997-12-25
2397;"Fallout";90;0;FALSE;1998-01-01
47099;"Killer";80;0;FALSE;1998-01-01
53318;"The Fairy King Of Ar";91;0;FALSE;1998-01-01
63276;"L'odore della notte";NA;0;FALSE;1998-01-01
112767;"Shadow Run";94;0;FALSE;1998-01-01
45431;"Devil in the Flesh";99;0;FALSE;1998-01-04
92681;"T.N.T.";90;0;FALSE;1998-01-09
3033;"Gods and Monsters";105;6451628;FALSE;1998-01-21
1959;"Swept from the Sea";113;0;FALSE;1998-01-23
2671;"Ringu";96;8690429;FALSE;1998-01-31
8583;"Dangerous Beauty";111;0;FALSE;1998-02-20
83361;"McCinsey's Island";95;0;FALSE;1998-02-23
100;"Lock, Stock and Two Smoking Barrels";105;3897569;FALSE;1998-03-05
1283;"Torrente, the Dumb Arm of the Law";97;0;FALSE;1998-03-13
617;"Wild Things";108;67200000;FALSE;1998-03-20
26622;"Always Outnumbered";104;0;FALSE;1998-03-21
8838;"Mercury Rising";111;0;FALSE;1998-04-03
2330;"Taxi";86;268254;FALSE;1998-04-04
32302;"3 Ninjas: High Noon at Mega Mountain";93;0;FALSE;1998-04-10
7096;"Merlin";182;0;FALSE;1998-04-26
452;"The Idiots";117;7235;FALSE;1998-04-28
4415;"Les Misérables";134;14096321;FALSE;1998-05-01
8656;"Deep Impact";120;140464664;FALSE;1998-05-08
6373;"The Very Thought of You";88;0;FALSE;1998-05-08
547;"The Horse Whisperer";170;186883563;FALSE;1998-05-14
4927;"Edge of Seventeen";99;870751;FALSE;1998-05-14
8129;"My Name Is Joe";105;0;FALSE;1998-05-15
929;"Godzilla";139;379014294;FALSE;1998-05-20
309;"The Celebration";105;0;FALSE;1998-05-20
1878;"Fear and Loathing in Las Vegas";118;10680275;FALSE;1998-05-22
1965;"A Perfect Murder";107;128038368;FALSE;1998-06-05
2166;"The Revengers' Comedies";86;0;FALSE;1998-06-09
846;"The X Files";121;189198313;FALSE;1998-06-19
1389;"Out of Sight";123;77745568;FALSE;1998-06-26
95;"Armageddon";151;553799566;FALSE;1998-07-01
944;"Lethal Weapon 4";127;285444603;FALSE;1998-07-10
473;"Pi";84;3221152;FALSE;1998-07-10
6058;"The Patriot";90;0;FALSE;1998-07-10
544;"There's Something About Mary";119;369884651;FALSE;1998-07-15
1848;"Poodle Springs";92;0;FALSE;1998-07-25
8336;"The Naked Man";98;0;FALSE;1998-08-02
92;"Megacities";94;0;FALSE;1998-08-12
6970;"Welcome to Woop Woop";106;0;FALSE;1998-08-13
104;"Run Lola Run";81;7267585;FALSE;1998-08-20
3682;"54";106;16757163;FALSE;1998-08-28
70846;"Love & Pop";110;0;FALSE;1998-09-01
1414;"Lovers of the Arctic Circle";112;0;FALSE;1998-09-04
4518;"Elizabeth";124;82150642;FALSE;1998-09-13
4338;"I Woke Up Early The Day I Died";90;0;FALSE;1998-09-13
4975;"Love Is the Devil: Study for a Portrait of Francis Bacon";90;0;FALSE;1998-09-16
8056;"Train of Life";103;0;FALSE;1998-09-16
2657;"Pleasantville";124;0;FALSE;1998-09-17
2109;"Rush Hour";98;244386864;FALSE;1998-09-18
8195;"Ronin";122;41610884;FALSE;1998-09-25
8916;"Antz";83;171757863;FALSE;1998-10-02
134368;"One Tough Cop";90;0;FALSE;1998-10-09
407;"Short Sharp Shock";93;0;FALSE;1998-10-15
73;"American History X";119;23875127;FALSE;1998-10-30
2923;"B. Monkey";94;0;FALSE;1998-11-07
27850;"Halloweentown";81;0;FALSE;1998-11-10
56949;"Wind with the Gone";90;0;FALSE;1998-11-12
3600;"I Still Know What You Did Last Summer";100;40002112;FALSE;1998-11-13
2042;"Savior";99;0;FALSE;1998-11-20
103048;"China Gate";179;0;FALSE;1998-11-27
30712;"Free Money";93;0;FALSE;1998-12-03
3513;"Legionnaire";98;0;FALSE;1998-12-03
200;"Star Trek: Insurrection";103;1,18e+08;FALSE;1998-12-10
1934;"Shakespeare in Love";122;289317794;FALSE;1998-12-11
1363;"The Hi-Lo Country";114;0;FALSE;1998-12-30
32139;"Soccer Dog: The Movie";99;0;FALSE;1999-01-01
3144;"Rock 'n' Roll Frankenstein";88;0;FALSE;1999-01-01
2112;"Payback";100;161626121;FALSE;1999-02-05
1542;"Office Space";89;12827813;FALSE;1999-02-19
26425;"Just the Ticket";115;0;FALSE;1999-02-26
799;"Annaluise & Anton";107;0;FALSE;1999-03-11
1641;"Forces of Nature";105;93888180;FALSE;1999-03-12
1073;"Arlington Road";117;0;FALSE;1999-03-19
603;"The Matrix";136;463517383;FALSE;1999-03-30
4951;"10 Things I Hate About You";97;53478166;FALSE;1999-03-30
5470;"Beowulf";95;1531251;FALSE;1999-04-01
8970;"The Out-of-Towners";90;2,9e+07;FALSE;1999-04-02
1946;"eXistenZ";97;2856712;FALSE;1999-04-14
6522;"Life";108;73345029;FALSE;1999-04-16
564;"The Mummy";124;415885488;FALSE;1999-04-16
1090;"The Thirteenth Floor";100;18564088;FALSE;1999-04-16
99;"All About My Mother";101;67872296;FALSE;1999-04-19
77291;"Orfeu";110;0;FALSE;1999-04-21
1844;"Entrapment";112;212404396;FALSE;1999-04-29
6552;"Idle Hands";92;4152230;FALSE;1999-04-30
31524;"Sarfarosh";162;0;FALSE;1999-04-30
509;"Notting Hill";124;363889678;FALSE;1999-05-13
8672;"My Best Fiend";95;0;FALSE;1999-05-17
4291;"Kikujiro";117;0;FALSE;1999-06-05
2275;"The General's Daughter";116;149705852;FALSE;1999-06-18
5319;"Hum Dil De Chuke Sanam";188;0;FALSE;1999-06-18
8487;"Wild Wild West";106;222104681;FALSE;1999-06-29
5248;"Virtual Sexuality";92;0;FALSE;1999-07-02
2105;"American Pie";95;235483004;FALSE;1999-07-09
345;"Eyes Wide Shut";159;162091208;FALSE;1999-07-14
332;"Inspector Gadget";78;0;FALSE;1999-07-23
1812;"Trick";89;2049595;FALSE;1999-07-23
8914;"Deep Blue Sea";105;73648228;FALSE;1999-07-28
4806;"Runaway Bride";116;309457509;FALSE;1999-07-30
745;"The Sixth Sense";107;672806292;FALSE;1999-08-06
913;"The Thomas Crown Affair";113;124305181;FALSE;1999-08-06
6182;"The Dream Catcher";99;0;FALSE;1999-08-08
40833;"King Cobra";93;0;FALSE;1999-08-10
2900;"The Astronaut's Wife";109;19598588;FALSE;1999-08-26
344;"Bang, Boom, Bang";110;0;FALSE;1999-08-26
1911;"The 13th Warrior";102;61698899;FALSE;1999-08-27
2162;"Chill Factor";101;11263966;FALSE;1999-09-01
250;"In China They Eat Dogs";91;0;FALSE;1999-09-10
8464;"Top of the Food Chain";99;0;FALSE;1999-09-11
4816;"Ghost Dog: The Way of the Samurai";116;0;FALSE;1999-09-13
1050;"Shower";92;0;FALSE;1999-09-13
14;"American Beauty";122;356296601;FALSE;1999-09-15
2290;"Jakob the Liar";120;0;FALSE;1999-09-16
55069;"The Delivery";99;0;FALSE;1999-09-16
2463;"Running Out of Time";93;0;FALSE;1999-09-23
6415;"Three Kings";114;1,08e+08;FALSE;1999-09-27
492;"Being John Malkovich";112;22863596;FALSE;1999-09-30
1661;"Gigantics";80;0;FALSE;1999-09-30
2241;"Sun Alley";101;0;FALSE;1999-10-07
550;"Fight Club";139;100853753;FALSE;1999-10-15
25752;"Children of the Corn 666: Isaac's Return";82;0;FALSE;1999-10-19
1277;"Gloomy Sunday";112;585604;FALSE;1999-10-21
3173;"Bangkok Dangerous";105;0;FALSE;1999-11-01
2020;"The Bachelor";101;36911617;FALSE;1999-11-05
2668;"Sleepy Hollow";105;206071502;FALSE;1999-11-18
52666;"The Debt";106;0;FALSE;1999-11-19
26133;"Tuesdays with Morrie";89;0;FALSE;1999-12-05
334;"Magnolia";188;48451803;FALSE;1999-12-08
497;"The Green Mile";189;284600000;FALSE;1999-12-10
89774;"Air: Eating, Sleeping, Waiting and Playing";60;0;FALSE;1999-12-13
1715;"The Cider House Rules";126;88545092;FALSE;1999-12-17
926;"Galaxy Quest";102;90683916;FALSE;1999-12-23
1213;"The Talented Mr. Ripley";139;128798265;FALSE;1999-12-25
2331;"Jesus";240;0;FALSE;1999-12-25
70282;"The Visit";107;0;FALSE;2000-01-01
70121;"First Target";93;0;FALSE;2000-01-01
48522;"The Periwig-Maker";15;0;FALSE;2000-01-01
4369;"Just a Question of Love";88;0;FALSE;2000-01-01
68954;"Longitude";198;0;FALSE;2000-01-13
2360;"Saving Grace";93;26330482;FALSE;2000-01-24
2890;"André Hazes, Zij Gelooft in Mij";86;0;FALSE;2000-01-27
3178;"Beat";93;0;FALSE;2000-01-29
4234;"Scream 3";116;161834276;FALSE;2000-02-03
318;"The Million Dollar Hotel";122;0;FALSE;2000-02-09
1907;"The Beach";119;144056873;FALSE;2000-02-11
5247;"Mercy";117;0;FALSE;2000-02-11
2787;"Pitch Black";108;53187659;FALSE;2000-02-18
2069;"The Whole Nine Yards";98;106371651;FALSE;2000-02-18
2155;"Reindeer Games";124;32168970;FALSE;2000-02-25
1831;"The Next Best Thing";108;24362772;FALSE;2000-03-03
552;"Bread and Tulips";114;0;FALSE;2000-03-03
2067;"Mission to Mars";114;60874615;FALSE;2000-03-10
2133;"The Perfect Storm";130;325756637;FALSE;2000-03-15
243;"High Fidelity";113;47126295;FALSE;2000-03-17
2085;"Romeo Must Die";115;91036760;FALSE;2000-03-20
2621;"Return to Me";115;36609995;FALSE;2000-04-07
1359;"American Psycho";102;34266564;FALSE;2000-04-13
4967;"Keeping the Faith";127;37036004;FALSE;2000-04-14
3536;"U-571";116;127666415;FALSE;2000-04-20
889;"The Flintstones in Viva Rock Vegas";90;59468275;FALSE;2000-04-28
98;"Gladiator";155;457640427;FALSE;2000-05-01
7093;"Vatel";125;0;FALSE;2000-05-01
16;"Dancer in the Dark";140;40031879;FALSE;2000-05-17
71;"Billy Elliot";110;1,1e+08;FALSE;2000-05-18
955;"Mission: Impossible II";123;546388105;FALSE;2000-05-24
8584;"Shanghai Noon";110;56932305;FALSE;2000-05-26
479;"Shaft";99;107196498;FALSE;2000-06-15
7450;"Titan A.E.";94;36754634;FALSE;2000-06-16
55;"Amores perros";154;20908467;FALSE;2000-06-16
1837;"The Secret";107;0;FALSE;2000-06-21
2123;"Me, Myself & Irene";116;149270999;FALSE;2000-06-22
2024;"The Patriot";165;215294342;FALSE;2000-06-28
3134;"Baise-moi";77;940944;FALSE;2000-06-28
103688;"Daydream Believers: The Monkees Story";92;0;FALSE;2000-06-28
4247;"Scary Movie";88;278019771;FALSE;2000-07-07
2655;"What Lies Beneath";130;155464351;FALSE;2000-07-21
26366;"Ellen DeGeneres: The Beginning";66;0;FALSE;2000-07-23
3716;"In July";100;0;FALSE;2000-08-23
72356;"Sade";100;0;FALSE;2000-08-23
1588;"Bring It On";98;90449929;FALSE;2000-08-25
742;"Together";106;0;FALSE;2000-08-25
1609;"There's Only One Jimmy Grimble";106;0;FALSE;2000-08-25
2089;"Cutaway";104;0;FALSE;2000-08-26
107;"Snatch";103;83557872;FALSE;2000-09-01
5001;"Before Night Falls";134;8524534;FALSE;2000-09-03
41571;"The Heart of the World";6;0;FALSE;2000-09-07
1619;"The Way of the Gun";119;19125401;FALSE;2000-09-08
327;"Brother";114;15250000;FALSE;2000-09-09
2440;"Joint Security Area";110;0;FALSE;2000-09-09
4973;"Under the Sand";92;0;FALSE;2000-09-11
786;"Almost Famous";122;47383689;FALSE;2000-09-15
146;"Crouching Tiger, Hidden Dragon";120;213525736;FALSE;2000-10-01
2805;"Tears of the Black Tiger";110;0;FALSE;2000-10-05
1597;"Meet the Parents";108;330444045;FALSE;2000-10-06
77;"Memento";113;39723096;FALSE;2000-10-11
6521;"The Contender";126;0;FALSE;2000-10-13
4226;"Shriek If You Know What I Did Last Friday the Thirteenth";86;0;FALSE;2000-10-17
1636;"Bedazzled";93;90383208;FALSE;2000-10-19
5833;"Casper's Haunted Christmas";84;0;FALSE;2000-10-31
4327;"Charlie's Angels";98;264105545;FALSE;2000-11-02
4958;"The Legend of Bagger Vance";126;39459427;FALSE;2000-11-02
5458;"Cruel Intentions 2";87;0;FALSE;2000-11-09
81782;"Kurukshetra";0;0;FALSE;2000-11-09
8870;"Red Planet";106;33463969;FALSE;2000-11-10
1163;"The Miracle Worker";95;0;FALSE;2000-11-12
8871;"How the Grinch Stole Christmas";104;345141403;FALSE;2000-11-17
919;"Blood: The Last Vampire";48;0;FALSE;2000-11-18
876;"Frank Herbert's Dune";292;0;FALSE;2000-12-03
112;"Italian for Beginners";112;0;FALSE;2000-12-07
5707;"Shooting War";88;0;FALSE;2000-12-07
5994;"The Family Man";125;0;FALSE;2000-12-12
392;"Chocolat";121;152500343;FALSE;2000-12-14
1493;"Miss Congeniality";111;2,12e+08;FALSE;2000-12-14
8859;"Dude, Where’s My Car?";83;73180723;FALSE;2000-12-15
3981;"What Women Want";127;374111707;FALSE;2000-12-15
3176;"Battle Royale";114;2,5e+07;FALSE;2000-12-16
69974;"The Sea That Thinks";100;0;FALSE;2000-12-20
711;"Finding Forrester";136;80049764;FALSE;2000-12-21
2046;"The Gift";111;12008642;FALSE;2000-12-22
1900;"Traffic";147;207515725;FALSE;2000-12-27
5521;"Finder's Fee";100;0;FALSE;2001-01-01
8341;"Samsara";138;0;FALSE;2001-01-01
90061;"American Mullet";0;0;FALSE;2001-01-01
2132;"Totally Blonde";94;0;FALSE;2001-01-01
111913;"A2";131;0;FALSE;2001-01-01
5955;"The Pledge";123;29400000;FALSE;2001-01-09
141;"Donnie Darko";113;1270522;FALSE;2001-01-18
1282;"Dogtown and Z-Boys";91;0;FALSE;2001-01-18
4012;"The Believer";98;416925;FALSE;2001-01-19
3577;"The Tunnel";150;0;FALSE;2001-01-21
27338;"The Pretender 2001";96;0;FALSE;2001-01-22
2018;"The Wedding Planner";103;94728529;FALSE;2001-01-26
37857;"Don's Plum";89;6297;FALSE;2001-02-10
2575;"The Tailor of Panama";109;28008462;FALSE;2001-02-11
1921;"Sweet November";119;65754228;FALSE;2001-02-16
58904;"Haunted Castle";38;13651656;FALSE;2001-02-23
6073;"The Mexican";123;147845033;FALSE;2001-03-01
2749;"15 Minutes";120;56359980;FALSE;2001-03-01
575;"The Experiment";114;0;FALSE;2001-03-07
824;"Moulin Rouge!";127;179213434;FALSE;2001-03-09
4241;"Visitor Q";84;0;FALSE;2001-03-17
26791;"Brigham City";119;852206;FALSE;2001-03-30
1284;"Torrente 2: Mission in Marbella";99;0;FALSE;2001-03-30
4133;"Blow";124;83282296;FALSE;2001-04-04
6935;"Yamakasi";90;0;FALSE;2001-04-04
2043;"Along Came a Spider";104;105178561;FALSE;2001-04-06
56715;"Just Visiting";88;0;FALSE;2001-04-06
2144;"One Night at McCool's";93;0;FALSE;2001-04-19
1433;"The Devil's Backbone";106;6459020;FALSE;2001-04-20
467;"The Hole";102;0;FALSE;2001-04-20
194;"Amélie";122;173921954;FALSE;2001-04-25
1734;"The Mummy Returns";130;433013274;FALSE;2001-04-28
27834;"CQ";88;0;FALSE;2001-05-12
1791;"The Piano Teacher";131;9801375;FALSE;2001-05-14
808;"Shrek";90;484409218;FALSE;2001-05-16
1018;"Mulholland Drive";147;20117339;FALSE;2001-05-16
52717;"In Praise of Love";97;0;FALSE;2001-05-16
441;"Human Nature";96;705308;FALSE;2001-05-18
62956;"Very Annie Mary";104;46352;FALSE;2001-05-25
1391;"Y Tu Mamá También";106;33616692;FALSE;2001-06-08
1995;"Lara Croft: Tomb Raider";100;274703340;FALSE;2001-06-11
2114;"Final Fantasy: The Spirits Within";106;85131830;FALSE;2001-07-02
4248;"Scary Movie 2";83;141220678;FALSE;2001-07-04
2140;"Kiss of the Dragon";98;64437847;FALSE;2001-07-06
40723;"Trouble Every Day";101;0;FALSE;2001-07-11
8366;"Manitou's Shoe";87;0;FALSE;2001-07-11
8835;"Legally Blonde";96;141774679;FALSE;2001-07-13
331;"Jurassic Park III";92;368780809;FALSE;2001-07-18
129;"Spirited Away";125;274925095;FALSE;2001-07-20
869;"Planet of the Apes";119;362211740;FALSE;2001-07-25
2171;"Wet Hot American Summer";97;295206;FALSE;2001-07-27
1933;"The Others";101;0;FALSE;2001-08-02
2057;"Original Sin";118;35402320;FALSE;2001-08-03
2141;"James Dean";90;0;FALSE;2001-08-04
2779;"The Curse of the Jade Scorpion";103;0;FALSE;2001-08-05
2770;"American Pie 2";108;287553595;FALSE;2001-08-10
1722;"Captain Corelli's Mandolin";131;62112895;FALSE;2001-08-17
27329;"The Legend of Suriyothai";185;0;FALSE;2001-08-17
2294;"Jay and Silent Bob Strike Back";104;33788161;FALSE;2001-08-22
53000;"Soul Assassin";96;0;FALSE;2001-08-23
1583;"Lammbock";93;0;FALSE;2001-08-23
38304;"Far Away";120;0;FALSE;2001-08-29
480;"Monsoon Wedding";114;0;FALSE;2001-08-30
1783;"To End All Wars";108;0;FALSE;2001-09-02
2084;"Birthday Girl";93;0;FALSE;2001-09-06
2894;"The Lady and the Duke";129;0;FALSE;2001-09-07
3640;"Mostly Martha";106;0;FALSE;2001-09-09
2176;"The Glass House";106;23619609;FALSE;2001-09-14
7454;"The Bunker";95;0;FALSE;2001-09-14
2191;"Stranded";95;0;FALSE;2001-09-23
1373;"The Discovery of Heaven";127;0;FALSE;2001-10-01
2034;"Training Day";122;104876233;FALSE;2001-10-05
25753;"Children of the Corn: Revelation";82;0;FALSE;2001-10-09
2100;"The Last Castle";131;27642707;FALSE;2001-10-19
167;"K-PAX";120;50315140;FALSE;2001-10-22
2110;"Wasabi";94;0;FALSE;2001-10-31
585;"Monsters, Inc.";92;562816256;FALSE;2001-11-01
211;"Berlin is in Germany";90;0;FALSE;2001-11-01
65188;"Leben nach Microsoft";72;0;FALSE;2001-11-06
5279;"Gosford Park";137;87754044;FALSE;2001-11-07
1365;"Monster's Ball";111;44909486;FALSE;2001-11-11
74946;"Feast of All Saints";213;0;FALSE;2001-11-11
671;"Harry Potter and the Philosopher's Stone";152;976475550;FALSE;2001-11-16
1535;"Spy Game";126;143049560;FALSE;2001-11-18
2029;"Tanguy";108;0;FALSE;2001-11-21
1999;"In the Bedroom";130;0;FALSE;2001-11-23
4965;"Impostor";102;0;FALSE;2001-12-03
161;"Ocean's Eleven";116;450717150;FALSE;2001-12-07
1613;"The 51st State";93;14;FALSE;2001-12-07
1903;"Vanilla Sky";136;203388341;FALSE;2001-12-10
453;"A Beautiful Mind";135;313542341;FALSE;2001-12-11
1591;"Nowhere in Africa";140;0;FALSE;2001-12-11
31502;"Samurai X : Reflection";90;0;FALSE;2001-12-12
6440;"The Shipping News";111;0;FALSE;2001-12-18
25801;"Aamdani Atthanni Kharcha Rupaiya";141;0;FALSE;2001-12-21
3003;"The Lost World";150;0;FALSE;2001-12-25
2104;"Requiem";98;60700;FALSE;2001-12-28
273;"The White Sound";107;0;FALSE;2001-12-31
554;"The Cuckoo";100;0;FALSE;2002-01-01
333;"Bollywood/Hollywood";101;0;FALSE;2002-01-01
47952;"Two Men Went To War";109;0;FALSE;2002-01-01
26467;"The Climb";99;0;FALSE;2002-01-01
40226;"The Era of Vampires";112;0;FALSE;2002-01-01
81229;"Hacker";90;0;FALSE;2002-01-01
40946;"Fixing Frank";0;0;FALSE;2002-01-01
1958;"8 Women";111;0;FALSE;2002-01-08
1956;"Gerry";103;0;FALSE;2002-01-12
2165;"Liberty Stands Still";96;0;FALSE;2002-01-18
2637;"The Mothman Prophecies";119;55157539;FALSE;2002-01-25
2899;"Asterix & Obelix: Mission Cleopatra";108;111127553;FALSE;2002-01-29
316;"Grill Point";111;0;FALSE;2002-02-12
2750;"24 Hour Party People";117;0;FALSE;2002-02-13
72308;"Shanghai Ghetto";95;0;FALSE;2002-02-28
2752;"40 Days and 40 Nights";94;0;FALSE;2002-03-01
7294;"The Man Without a Past";97;0;FALSE;2002-03-01
2135;"The Time Machine";96;123729176;FALSE;2002-03-04
2594;"Monsieur Batignole";100;0;FALSE;2002-03-06
425;"Ice Age";81;383257136;FALSE;2002-03-10
2095;"Desert Saints";88;0;FALSE;2002-03-10
64;"Talk to Her";112;51001550;FALSE;2002-03-14
6318;"Vaya con Dios";106;0;FALSE;2002-03-28
1537;"Changing Lanes";89;94935764;FALSE;2002-04-07
8460;"The Skulls II";99;0;FALSE;2002-04-09
455;"Bend It Like Beckham";112;76578641;FALSE;2002-04-11
437;"Cube2: Hypercube";94;0;FALSE;2002-04-15
50658;"Bella Bettien";102;0;FALSE;2002-04-17
245;"About a Boy";101;1,29e+08;FALSE;2002-04-26
2722;"The Other Side of the Bed";114;0;FALSE;2002-04-27
1894;"Star Wars: Episode II - Attack of the Clones";142;649398328;FALSE;2002-05-15
1555;"The Spanish Apartment";122;3897799;FALSE;2002-05-17
5168;"To Be and to Have";104;0;FALSE;2002-05-19
1376;"Sweet Sixteen";106;0;FALSE;2002-05-21
1957;"Enough";114;51801187;FALSE;2002-05-24
320;"Insomnia";118;113714830;FALSE;2002-05-24
4614;"The Sum of All Fears";124;1,93e+08;FALSE;2002-05-31
2501;"The Bourne Identity";119;214034224;FALSE;2002-06-14
180;"Minority Report";145;358372926;FALSE;2002-06-20
1615;"Erkan & Stefan 2";80;4508104;FALSE;2002-06-20
2022;"Mr. Deeds";96;171269535;FALSE;2002-06-28
2017;"No Good Deed";97;0;FALSE;2002-06-28
608;"Men in Black II";88;441818803;FALSE;2002-07-03
59387;"The Powerpuff Girls Movie";77;11411644;FALSE;2002-07-03
8665;"K-19: The Widowmaker";138;35168966;FALSE;2002-07-19
818;"Austin Powers in Goldmember";94;296655431;FALSE;2002-07-26
7451;"xXx";124;277448382;FALSE;2002-08-09
7090;"Ken Park";97;447741;FALSE;2002-08-31
1926;"11'09''01 - September 11";135;0;FALSE;2002-09-04
870;"Dolls";114;0;FALSE;2002-09-05
102;"Open Hearts";113;0;FALSE;2002-09-06
2091;"The Badge";99;0;FALSE;2002-09-07
51927;"Stevie";140;97000;FALSE;2002-09-09
61361;"L'outremangeur";NA;0;FALSE;2002-09-10
61401;"Tibet: Cry of the Snow Lion";104;0;FALSE;2002-09-13
423;"The Pianist";150;120072577;FALSE;2002-09-24
542;"The Crime of Padre Amaro";118;0;FALSE;2002-10-01
4108;"The Transporter";92;43928932;FALSE;2002-10-02
1430;"Bowling for Columbine";120;35564473;FALSE;2002-10-09
2111;"Balzac and the Little Chinese Seamstress";116;0;FALSE;2002-10-09
1809;"The Rules of Attraction";110;0;FALSE;2002-10-11
565;"The Ring";115;249348933;FALSE;2002-10-18
64116;"Falling Sky";83;0;FALSE;2002-10-18
9012;"Jackass: The Movie";87;64282312;FALSE;2002-10-21
8094;"The Magdalene Sisters";119;20957001;FALSE;2002-10-24
170;"28 Days Later";113;82719885;FALSE;2002-10-31
65;"8 Mile";110;2,15e+08;FALSE;2002-11-08
156;"Wilbur Wants to Kill Himself";111;0;FALSE;2002-11-08
1416;"The Coast Guard";96;0;FALSE;2002-11-22
51939;"The Hire: Beat the Devil";9;0;FALSE;2002-11-22
57326;"Sabretooth";90;0;FALSE;2002-11-26
2103;"Solaris";99;30002758;FALSE;2002-11-27
64278;"Interceptor Force 2";90;0;FALSE;2002-11-30
1836;"In My Skin";93;0;FALSE;2002-12-04
2757;"Adaptation.";114;32801173;FALSE;2002-12-06
7299;"Equilibrium";107;5359645;FALSE;2002-12-06
7303;"Maid in Manhattan";105;154906693;FALSE;2002-12-13
201;"Star Trek: Nemesis";117;67312826;FALSE;2002-12-13
2755;"About Schmidt";125;105834556;FALSE;2002-12-13
4911;"Dark Blue";118;9237470;FALSE;2002-12-14
1429;"25th Hour";135;13060843;FALSE;2002-12-16
121;"The Lord of the Rings: The Two Towers";179;926287400;FALSE;2002-12-18
2642;"Two Weeks Notice";101;93354918;FALSE;2002-12-19
79;"Hero";99;177394432;FALSE;2002-12-19
31026;"Distant";110;0;FALSE;2002-12-20
640;"Catch Me If You Can";141;352114312;FALSE;2002-12-25
590;"The Hours";114;41597830;FALSE;2002-12-27
4912;"Confessions of a Dangerous Mind";113;33013805;FALSE;2002-12-30
4912;"Confessions of a Dangerous Mind";113;33013805;FALSE;2002-12-30
27674;"Wolves of Wall Street";85;0;FALSE;2002-12-31
4612;"Absolon";96;0;FALSE;2003-01-01
670;"Oldboy";120;14980005;FALSE;2003-01-01
5965;"Scorcher";91;0;FALSE;2003-01-01
48856;"Gun-shy";105;0;FALSE;2003-01-01
206;"Paradise Found";89;0;FALSE;2003-01-01
65310;"Hornblower: Loyalty";125;0;FALSE;2003-01-05
26886;"Bright Future";92;0;FALSE;2003-01-18
1550;"Pieces of April";81;0;FALSE;2003-01-19
2056;"The Station Agent";88;8679814;FALSE;2003-01-26
2334;"Taxi 3";82;65497208;FALSE;2003-01-29
1088;"Whale Rider";101;41400000;FALSE;2003-01-30
1647;"The Recruit";115;101191884;FALSE;2003-01-31
338;"Good bye, Lenin!";121;79384880;FALSE;2003-02-09
26131;"Straight From the Heart";100;0;FALSE;2003-02-09
33688;"Jonny Vang";85;0;FALSE;2003-02-14
8965;"Atlantis: Milo's Return";70;0;FALSE;2003-02-25
20;"My Life Without Me";106;9726954;FALSE;2003-03-07
4972;"The Green Butchers";100;0;FALSE;2003-03-08
5256;"Momentum";88;0;FALSE;2003-03-26
6016;"The Good Thief";108;0;FALSE;2003-04-03
80219;"Homeless to Harvard: The Liz Murray Story";104;0;FALSE;2003-04-07
2662;"House of 1000 Corpses";89;16829545;FALSE;2003-04-11
4368;"Dark Wolf";94;0;FALSE;2003-04-15
48596;"Ana and the Others";80;0;FALSE;2003-04-21
2832;"Identity";90;90259536;FALSE;2003-04-25
3515;"I'll Sleep When I'm Dead";97;490964;FALSE;2003-05-14
43936;"S21: The Khmer Rouge Death Machine";101;0;FALSE;2003-05-17
302;"Swimming Pool";102;22441323;FALSE;2003-05-18
1807;"Elephant";81;10012022;FALSE;2003-05-18
553;"Dogville";178;16680836;FALSE;2003-05-19
5146;"The In-Laws";98;20440627;FALSE;2003-05-23
3097;"The Tulse Luper Suitcases, Part 1: The Moab Story";127;25800;FALSE;2003-05-24
12;"Finding Nemo";100;940335536;FALSE;2003-05-30
2260;"Capturing the Friedmans";107;3117985;FALSE;2003-05-30
321;"Mambo Italiano";92;3031801;FALSE;2003-06-06
58301;"Betty Blowtorch: And Her Amazing True Life Adventures";98;0;FALSE;2003-06-11
4252;"Chalte Chalte";167;0;FALSE;2003-06-12
4552;"A Tale of Two Sisters";115;0;FALSE;2003-06-13
50794;"The Even Stevens Movie";120;0;FALSE;2003-06-13
1927;"Hulk";138;245360480;FALSE;2003-06-19
1114;"The Weeping Camel";91;0;FALSE;2003-06-29
296;"Terminator 3: Rise of the Machines";109;4,35e+08;FALSE;2003-07-02
4592;"Carolina";97;0;FALSE;2003-07-04
3177;"Battle Royale II: Requiem";155;0;FALSE;2003-07-05
22;"Pirates of the Caribbean: The Curse of the Black Pearl";143;655011224;FALSE;2003-07-09
8961;"Bad Boys II";147;273339556;FALSE;2003-07-18
1996;"Lara Croft Tomb Raider: The Cradle of Life";117;156505388;FALSE;2003-07-21
4464;"Seabiscuit";141;148336445;FALSE;2003-07-22
4968;"The Piano Player";91;0;FALSE;2003-07-22
5995;"Miffo";105;0;FALSE;2003-07-31
8273;"American Wedding";103;231449203;FALSE;2003-08-01
6466;"Freddy vs. Jason";97;114908830;FALSE;2003-08-15
2771;"American Splendor";101;6003587;FALSE;2003-08-15
2055;"Open Range";139;68296293;FALSE;2003-08-29
153;"Lost in Translation";102;119723856;FALSE;2003-08-31
3635;"Girl with a Pearl Earring";101;31466789;FALSE;2003-08-31
3168;"Three-Step Dance";107;0;FALSE;2003-08-31
1278;"The Dreamers";115;15121165;FALSE;2003-09-01
2577;"Code 46";92;0;FALSE;2003-09-02
1415;"Party Monster";98;742898;FALSE;2003-09-05
470;"21 Grams";124;60427839;FALSE;2003-09-06
246;"Zatoichi";111;0;FALSE;2003-09-06
508;"Love Actually";135;244931766;FALSE;2003-09-07
3396;"The Yes Men";80;0;FALSE;2003-09-07
1428;"Once Upon a Time in Mexico";102;98185582;FALSE;2003-09-11
1589;"The Boys from County Clare";91;0;FALSE;2003-09-12
277;"Underworld";121;95708457;FALSE;2003-09-19
113;"Spring, Summer, Fall, Winter... and Spring";103;6502364;FALSE;2003-09-19
36401;"Pornography";113;0;FALSE;2003-09-19
237;"Young Adam";93;2500000;FALSE;2003-09-26
32234;"Doppelganger";107;0;FALSE;2003-09-27
4326;"Herr Lehmann";105;0;FALSE;2003-10-01
80346;"Nobody Knows Anything!";88;0;FALSE;2003-10-01
2116;"Out of Time";105;55495563;FALSE;2003-10-03
1584;"School of Rock";108;131282949;FALSE;2003-10-03
322;"Mystic River";138;156822020;FALSE;2003-10-07
24;"Kill Bill: Vol. 1";111;180949000;FALSE;2003-10-10
1611;"The Miracle of Bern";118;0;FALSE;2003-10-15
43708;"Die, Mommie, Die!";90;320092;FALSE;2003-10-31
605;"The Matrix Revolutions";129;424988211;FALSE;2003-11-05
504;"Monster";110;60378584;FALSE;2003-11-16
4970;"Gothika";98;141591324;FALSE;2003-11-21
1549;"Games of Love and Chance";124;0;FALSE;2003-11-25
4254;"Kal Ho Naa Ho";186;13200241;FALSE;2003-11-27
122;"The Lord of the Rings: The Return of the King";201;1118888979;FALSE;2003-12-01
337;"Monsieur Ibrahim";94;11576431;FALSE;2003-12-03
6884;"Evil Alien Conquerors";89;0;FALSE;2003-12-03
616;"The Last Samurai";154;456758981;FALSE;2003-12-05
5846;"Sky High";122;0;FALSE;2003-12-05
1792;"Stuck on You";118;33828318;FALSE;2003-12-10
6964;"Something's Gotta Give";128;266728738;FALSE;2003-12-12
8743;"At Point Blank";100;0;FALSE;2003-12-13
2289;"Cold Mountain";154;173013509;FALSE;2003-12-24
1917;"Who Killed Bambi?";126;0;FALSE;2003-12-24
587;"Big Fish";125;122919055;FALSE;2003-12-25
42418;"Young Black Stallion";49;0;FALSE;2003-12-25
32298;"Seeing Other People";90;0;FALSE;2004-01-01
47200;"Schizo";86;0;FALSE;2004-01-01
32444;"Dorian Blues";88;0;FALSE;2004-01-01
9010;"Silentium";110;0;FALSE;2004-01-01
1640;"Crash";112;98410061;FALSE;2004-01-13
5966;"Along Came Polly";90;171963386;FALSE;2004-01-16
436;"Maria Full of Grace";101;0;FALSE;2004-01-18
540;"D.E.B.S.";91;0;FALSE;2004-01-21
1954;"The Butterfly Effect";113;96060858;FALSE;2004-01-22
2003;"Anatomy of Hell";88;0;FALSE;2004-01-28
4896;"Muxmäuschenstill";90;0;FALSE;2004-01-28
112460;"London Voodoo";90;0;FALSE;2004-02-02
4676;"Grande école";110;0;FALSE;2004-02-04
26;"Walk on Water";103;0;FALSE;2004-02-05
1653;"The Motorcycle Diaries";126;16756372;FALSE;2004-02-06
4553;"The Machinist";101;8203235;FALSE;2004-02-09
80;"Before Sunset";80;15992615;FALSE;2004-02-10
1279;"Samaritan Girl";95;0;FALSE;2004-02-10
1824;"50 First Dates";99;196482882;FALSE;2004-02-13
1404;"Ae Fond Kiss...";104;0;FALSE;2004-02-13
615;"The Passion of the Christ";127;611899420;FALSE;2004-02-25
2349;"Peas at 5:30";107;0;FALSE;2004-03-04
2023;"Hidalgo";136;108103450;FALSE;2004-03-05
363;"Head-On";121;11030861;FALSE;2004-03-11
1586;"Secret Window";96;92913171;FALSE;2004-03-12
41714;"The Beautiful Country";137;0;FALSE;2004-03-13
5528;"The Chorus";96;0;FALSE;2004-03-17
924;"Dawn of the Dead";101;102356381;FALSE;2004-03-19
38;"Eternal Sunshine of the Spotless Mind";108;72258126;FALSE;2004-03-19
140;"Bad Education";106;40266982;FALSE;2004-03-19
41569;"The Nomi Song";98;0;FALSE;2004-03-23
5516;"The Ladykillers";104;0;FALSE;2004-03-25
1487;"Hellboy";122;99318987;FALSE;2004-04-02
2122;"The Whole Ten Yards";98;26155781;FALSE;2004-04-07
1997;"Two Brothers";109;62172050;FALSE;2004-04-07
747;"Shaun of the Dead";99;30039392;FALSE;2004-04-09
393;"Kill Bill: Vol. 2";136;152159461;FALSE;2004-04-16
2004;"Kebab Connection";96;0;FALSE;2004-04-21
6414;"Beautiful Boxer";117;0;FALSE;2004-04-29
8985;"Visions of Europe";140;0;FALSE;2004-05-01
7131;"Van Helsing";132;300257475;FALSE;2004-05-05
37736;"Take Out";87;0;FALSE;2004-05-13
26810;"A Common Thread";89;0;FALSE;2004-05-14
842;"The Assassination of Richard Nixon";95;3537961;FALSE;2004-05-17
8981;"Dear Frankie";105;0;FALSE;2004-05-18
809;"Shrek 2";93;919838758;FALSE;2004-05-19
844;"2046";129;19271312;FALSE;2004-05-20
5413;"Omagh";102;0;FALSE;2004-05-22
5460;"Cruel Intentions 3";85;0;FALSE;2004-05-25
435;"The Day After Tomorrow";124;544272402;FALSE;2004-05-26
673;"Harry Potter and the Prisoner of Azkaban";141;789804554;FALSE;2004-05-31
8920;"Garfield";80;200804534;FALSE;2004-06-10
2789;"The Chronicles of Riddick";119;115772733;FALSE;2004-06-11
1126;"In My Father's Den";126;0;FALSE;2004-06-11
2791;"The Chronicles of Riddick: Dark Fury";34;0;FALSE;2004-06-15
594;"The Terminal";128;219417255;FALSE;2004-06-17
1777;"Fahrenheit 9/11";122;119114517;FALSE;2004-06-25
558;"Spider-Man 2";127;783766341;FALSE;2004-06-25
3040;"Night Watch";114;3,2e+07;FALSE;2004-06-27
8699;"Anchorman: The Legend of Ron Burgundy";94;90574188;FALSE;2004-07-09
291;"Riding Giants";105;3166000;FALSE;2004-07-09
2048;"I, Robot";115;347234916;FALSE;2004-07-15
27;"9 Songs";66;1574623;FALSE;2004-07-16
1944;"The Door in the Floor";111;0;FALSE;2004-07-18
314;"Catwoman";104;82102379;FALSE;2004-07-22
2502;"The Bourne Supremacy";108;288500217;FALSE;2004-07-23
401;"Garden State";102;26781723;FALSE;2004-07-28
6947;"The Village";108;256697520;FALSE;2004-07-30
83;"Open Water";79;54667954;FALSE;2004-08-06
2517;"Nobody Knows";141;0;FALSE;2004-08-07
3875;"Brothers";117;0;FALSE;2004-08-27
4974;"Five Times Two";90;0;FALSE;2004-09-01
342;"Summer Storm";98;0;FALSE;2004-09-02
5473;"De Dominee";110;0;FALSE;2004-09-02
1913;"The Sea Inside";125;38535221;FALSE;2004-09-03
464;"As It Is in Heaven";132;0;FALSE;2004-09-03
6934;"Yesterday";96;0;FALSE;2004-09-03
613;"Downfall";156;92180910;FALSE;2004-09-08
1918;"Or (My Treasure)";95;0;FALSE;2004-09-09
1599;"I Heart Huckabees";106;0;FALSE;2004-09-10
1595;"Land of Plenty";123;0;FALSE;2004-09-10
205;"Hotel Rwanda";121;3,8e+07;FALSE;2004-09-11
3539;"Off Beat";100;0;FALSE;2004-09-11
5137;"Sky Captain and the World of Tomorrow";107;57958696;FALSE;2004-09-17
442;"Popular Music";100;2,8e+07;FALSE;2004-09-24
4836;"Layer Cake";105;11850214;FALSE;2004-09-30
176;"Saw";103;103911669;FALSE;2004-10-01
3057;"Frankenstein";115;0;FALSE;2004-10-05
3989;"Team America: World Police";98;50907422;FALSE;2004-10-10
4380;"Shall We Dance?";107;170128460;FALSE;2004-10-15
1280;"3-Iron";88;0;FALSE;2004-10-15
438;"Cube Zero";97;0;FALSE;2004-10-15
1998;"Holy Lola";130;0;FALSE;2004-10-16
866;"Finding Neverland";106;116766556;FALSE;2004-10-17
83827;"In the Darkness of the Night";94;0;FALSE;2004-10-21
1970;"The Grudge";92;183474602;FALSE;2004-10-22
276;"The Edukators";127;0;FALSE;2004-10-25
2841;"A Very Long Engagement";133;0;FALSE;2004-10-26
5255;"The Polar Express";100;305875730;FALSE;2004-11-10
4251;"Veer-Zaara";192;29385320;FALSE;2004-11-12
2059;"National Treasure";131;347451894;FALSE;2004-11-19
1966;"Alexander";175;167298192;FALSE;2004-11-21
2288;"Closer";104;115505027;FALSE;2004-12-01
1392;"Born into Brothels";85;3515061;FALSE;2004-12-08
163;"Ocean's Twelve";125;362744280;FALSE;2004-12-09
421;"The Life Aquatic with Steve Zissou";119;34808403;FALSE;2004-12-10
25755;"Citizen Dog";100;0;FALSE;2004-12-12
70;"Million Dollar Baby";132;216763646;FALSE;2004-12-15
2539;"Spanglish";130;55041367;FALSE;2004-12-17
2567;"The Aviator";170;1,02e+08;FALSE;2004-12-17
26125;"The Defender";90;0;FALSE;2004-12-20
1901;"In Good Company";109;0;FALSE;2004-12-29
41566;"New York Doll";75;0;FALSE;2005-01-01
6473;"The Marksman";95;0;FALSE;2005-01-01
27351;"Meatball Machine";90;0;FALSE;2005-01-01
31973;"Soldier of God";94;0;FALSE;2005-01-01
1690;"Hostel";94;80578934;FALSE;2005-01-06
460;"Go for Zucker";136;0;FALSE;2005-01-06
8340;"Turtles Can Fly";98;0;FALSE;2005-01-07
72720;"Hot Wheels Acceleracers: Ignition";60;0;FALSE;2005-01-08
2652;"Hard Candy";103;7022209;FALSE;2005-01-14
74154;"Nuvvostanante Nenoddantana";0;0;FALSE;2005-01-14
7453;"The Hitchhiker's Guide to the Galaxy";109;104478416;FALSE;2005-01-15
2287;"Rize";86;0;FALSE;2005-01-15
51091;"Annie's Point";88;0;FALSE;2005-01-22
1546;"Thumbsucker";96;1919197;FALSE;2005-01-23
1667;"March of the Penguins";80;127392239;FALSE;2005-01-26
1544;"Imagine Me & You";93;2455831;FALSE;2005-02-01
8968;"Boogeyman";89;67192859;FALSE;2005-02-04
6961;"The Wedding Date";88;47175038;FALSE;2005-02-04
561;"Constantine";121;230884728;FALSE;2005-02-08
2117;"Sophie Scholl: The Final Days";117;0;FALSE;2005-02-13
53129;"The Turkish Gambit";130;0;FALSE;2005-02-22
2026;"Hostage";113;77944725;FALSE;2005-03-10
3102;"My Step Brother Frankenstein";120;0;FALSE;2005-03-13
62999;"From 180 & Taller";93;0;FALSE;2005-03-25
6183;"Barefoot";110;0;FALSE;2005-03-30
349;"Cockles and Muscles";93;0;FALSE;2005-03-30
1986;"Live and Become";140;0;FALSE;2005-03-30
187;"Sin City";124;158733820;FALSE;2005-04-01
27875;"Yaji and Kita: The Midnight Pilgrims";124;0;FALSE;2005-04-02
2151;"Man with the Screaming Brain";90;0;FALSE;2005-04-03
179;"The Interpreter";128;162944923;FALSE;2005-04-08
1023;"Adam's Apples";94;0;FALSE;2005-04-15
31364;"Waqt: The Race Against Time";153;0;FALSE;2005-04-22
8332;"Antibodies";127;0;FALSE;2005-04-24
33358;"The Mostly Unfabulous Social Life of Ethan Green";88;152810;FALSE;2005-04-29
445;"Caché";117;3,6e+07;FALSE;2005-05-02
1495;"Kingdom of Heaven";144;211643158;FALSE;2005-05-03
1963;"The Bow";89;0;FALSE;2005-05-12
1665;"Last Days";96;1928985;FALSE;2005-05-13
5177;"Dark Horse";100;0;FALSE;2005-05-13
1951;"Manderlay";139;674918;FALSE;2005-05-16
2566;"Time to Leave";85;0;FALSE;2005-05-16
1895;"Star Wars: Episode III - Revenge of the Sith";140;8,5e+08;FALSE;2005-05-17
308;"Broken Flowers";105;45742101;FALSE;2005-05-17
3527;"Don't Come Knocking";123;0;FALSE;2005-05-19
1616;"Erkan & Stefan 3";97;0;FALSE;2005-05-19
953;"Madagascar";86;532680671;FALSE;2005-05-25
921;"Cinderella Man";144;108539911;FALSE;2005-06-02
8008;"Mouth to Mouth";101;0;FALSE;2005-06-02
787;"Mr. & Mrs. Smith";120;478207520;FALSE;2005-06-07
272;"Batman Begins";140;374218673;FALSE;2005-06-10
1488;"Mongolian Ping Pong";102;0;FALSE;2005-06-11
1826;"Russian Dolls";129;23727301;FALSE;2005-06-15
1382;"Me and You and Everyone We Know";90;0;FALSE;2005-06-17
74;"War of the Worlds";116;591739379;FALSE;2005-06-28
118;"Charlie and the Chocolate Factory";115;474968763;FALSE;2005-07-13
647;"Final Fantasy VII: Advent Children";101;0;FALSE;2005-07-14
1635;"The Island";136;162949164;FALSE;2005-07-20
1696;"The Devil's Rejects";107;0;FALSE;2005-07-22
1393;"The Cave of the Yellow Dog";93;0;FALSE;2005-07-27
4550;"Sympathy for Lady Vengeance";115;23803308;FALSE;2005-07-29
1444;"Junebug";106;0;FALSE;2005-08-03
3041;"In Bed";85;0;FALSE;2005-08-03
49220;"Zozo";105;0;FALSE;2005-08-05
6957;"The 40 Year Old Virgin";116;109449237;FALSE;2005-08-11
8982;"The Protector";108;27165581;FALSE;2005-08-11
501;"Grizzly Man";103;0;FALSE;2005-08-12
4442;"The Brothers Grimm";118;105316267;FALSE;2005-08-26
1985;"The Constant Gardener";129;82466670;FALSE;2005-08-31
6077;"13 Tzameti";93;767311;FALSE;2005-09-01
1127;"Princesses";113;0;FALSE;2005-09-02
1420;"Breakfast on Pluto";128;0;FALSE;2005-09-03
533;"The Curse of the Were-Rabbit";85;192452832;FALSE;2005-09-04
5236;"Kiss Kiss Bang Bang";103;15785148;FALSE;2005-09-05
8410;"The Wild Blue Yonder";81;0;FALSE;2005-09-05
1947;"An Unfinished Life";108;18618284;FALSE;2005-09-09
8643;"The Exorcism of Emily Rose";122;144216468;FALSE;2005-09-09
3933;"Corpse Bride";77;117195061;FALSE;2005-09-09
8923;"Green Street Hooligans";109;3154346;FALSE;2005-09-09
410;"Summer in Berlin";105;0;FALSE;2005-09-09
292;"Dave Chappelle's Block Party";100;11718595;FALSE;2005-09-12
69;"Walk the Line";136;186438883;FALSE;2005-09-13
5471;"Beowulf & Grendel";103;92076;FALSE;2005-09-14
7182;"Venom";85;0;FALSE;2005-09-16
340;"Everything is Illuminated";106;2697930;FALSE;2005-09-16
2313;"Prime";102;0;FALSE;2005-09-21
59;"A History of Violence";96;60740827;FALSE;2005-09-23
257;"Oliver Twist";130;42093706;FALSE;2005-09-23
1285;"Torrente 3 The Protector";91;0;FALSE;2005-09-30
537;"Not Here to Be Loved";93;0;FALSE;2005-10-12
101904;"Through the Forest";65;0;FALSE;2005-10-12
66066;"Verlengd Weekend";93;0;FALSE;2005-10-12
481;"7 Virgins";86;0;FALSE;2005-10-14
8814;"Doom";105;55987321;FALSE;2005-10-20
6963;"The Weather Man";101;12482775;FALSE;2005-10-20
2610;"Shopgirl";104;11588205;FALSE;2005-10-21
116;"Match Point";124;85306374;FALSE;2005-10-26
1539;"Keine Lieder über Liebe";98;0;FALSE;2005-10-26
215;"Saw II";92;152925093;FALSE;2005-10-28
100450;"Trapped in the Closet: Chapters 1-12";43;0;FALSE;2005-11-01
26116;"The Mechanik";94;0;FALSE;2005-11-02
25;"Jarhead";125;96889998;FALSE;2005-11-04
674;"Harry Potter and the Goblet of Fire";157;895921036;FALSE;2005-11-05
8999;"Derailed";108;57479076;FALSE;2005-11-11
231;"Syriana";128;9,4e+07;FALSE;2005-11-23
1833;"Rent";135;31670620;FALSE;2005-11-23
9005;"The Ice Harvest";88;0;FALSE;2005-11-23
1904;"Memoirs of a Geisha";145;162242962;FALSE;2005-12-06
254;"King Kong";187;5,5e+08;FALSE;2005-12-14
7088;"Christmas in Boston";136;0;FALSE;2005-12-14
2008;"The Promise";98;0;FALSE;2005-12-15
148;"The Secret Life of Words";112;0;FALSE;2005-12-15
612;"Munich";164;130358911;FALSE;2005-12-22
546;"Transamerica";103;13350369;FALSE;2005-12-23
2800;"Rumor Has It...";97;88933562;FALSE;2005-12-23
26147;"FC Venus";107;2411594;FALSE;2005-12-30
39183;"Once in a Lifetime: The Extraordinary Story of the New York Cosmos";97;0;FALSE;2006-01-01
2269;"Day Watch";132;38862717;FALSE;2006-01-01
26631;"In the Blood";82;0;FALSE;2006-01-01
32160;"Running Wild";124;0;FALSE;2006-01-01
114044;"Interkosmos";71;0;FALSE;2006-01-06
834;"Underworld: Evolution";106;111340801;FALSE;2006-01-12
1969;"Bandidas";93;10496317;FALSE;2006-01-18
8199;"Dreamland";88;0;FALSE;2006-01-23
17;"The Dark";87;0;FALSE;2006-01-26
1967;"Ask the Dust";117;0;FALSE;2006-02-02
1379;"Lights in the Dusk";78;1615018;FALSE;2006-02-03
313;"Snow Cake";112;1381665;FALSE;2006-02-09
86;"The Elementary Particles";105;0;FALSE;2006-02-10
4979;"Windows on Monday";88;0;FALSE;2006-02-10
300;"The Science of Sleep";105;9524340;FALSE;2006-02-11
4441;"Candy";116;2077763;FALSE;2006-02-15
186;"Lucky Number Slevin";110;56308881;FALSE;2006-02-24
3549;"After the Wedding";124;0;FALSE;2006-02-24
2207;"16 Blocks";105;65664721;FALSE;2006-03-01
317;"Grbavica: The Land of My Dreams";90;0;FALSE;2006-03-01
523;"Requiem";92;0;FALSE;2006-03-02
7872;"The Road to Guantanamo";95;0;FALSE;2006-03-09
434;"Tough Enough";99;0;FALSE;2006-03-09
6877;"Failure to Launch";97;128406887;FALSE;2006-03-10
582;"The Lives of Others";137;7e+07;FALSE;2006-03-15
219;"Volver";121;85582407;FALSE;2006-03-16
7456;"Die Wolke";105;0;FALSE;2006-03-16
950;"Ice Age: The Meltdown";91;660940780;FALSE;2006-03-23
388;"Inside Man";129;184376254;FALSE;2006-03-23
3865;"Dark Blue Almost Black";105;0;FALSE;2006-03-24
2180;"Heartbreak Hotel";101;0;FALSE;2006-03-24
3093;"Basic Instinct 2";114;38629478;FALSE;2006-03-29
1441;"The Contract";96;5549200;FALSE;2006-04-05
79163;"95 Miles to Go";81;2203;FALSE;2006-04-07
5820;"The Sentinel";108;77920346;FALSE;2006-04-19
588;"Silent Hill";125;97607453;FALSE;2006-04-21
1914;"FC Venus";95;0;FALSE;2006-04-26
55253;"The Machine";89;0;FALSE;2006-04-26
1252;"Lonely Hearts";108;0;FALSE;2006-04-30
956;"Mission: Impossible III";126;397850012;FALSE;2006-05-03
4723;"Southland Tales";144;374743;FALSE;2006-05-15
2266;"Paris, je t'aime";120;4857367;FALSE;2006-05-16
52462;"The Pet";94;0;FALSE;2006-05-17
4351;"Bordertown";112;0;FALSE;2006-05-18
5072;"Severance";96;0;FALSE;2006-05-19
1378;"Shortbus";101;5179037;FALSE;2006-05-20
1896;"Salvador (Puig Antich)";137;0;FALSE;2006-05-23
1887;"Marie Antoinette";123;60474340;FALSE;2006-05-24
3509;"A Scanner Darkly";100;7659918;FALSE;2006-05-25
2295;"Clerks II";97;26888376;FALSE;2006-05-25
2016;"Days of Glory";128;22963701;FALSE;2006-05-25
2168;"2:37";91;0;FALSE;2006-05-26
8453;"Fanaa";168;22175908;FALSE;2006-05-26
1417;"Pan's Labyrinth";118;83258226;FALSE;2006-05-27
64499;"Quinceanera";90;0;FALSE;2006-06-05
806;"The Omen";110;119188334;FALSE;2006-06-06
26655;"Like Mike 2: Streetball";96;0;FALSE;2006-06-06
920;"Cars";117;461983149;FALSE;2006-06-08
27724;"Psychopathia Sexualis";102;0;FALSE;2006-06-08
2044;"The Lake House";99;114830111;FALSE;2006-06-16
58;"Pirates of the Caribbean: Dead Man's Chest";151;1065659812;FALSE;2006-06-20
4474;"My Super Ex-Girlfriend";95;60896147;FALSE;2006-06-20
110501;"Seven and a Half";106;0;FALSE;2006-06-21
3602;"I'll Always Know What You Did Last Summer";92;0;FALSE;2006-06-24
350;"The Devil Wears Prada";109;326551094;FALSE;2006-06-30
1596;"Population 436";88;0;FALSE;2006-07-04
59995;"Wild Tigers I Have Known";88;0;FALSE;2006-07-12
1819;"You, Me and Dupree";108;130431368;FALSE;2006-07-14
8014;"Valley of Flowers";120;0;FALSE;2006-07-15
1543;"Emma's Bliss";103;3500000;FALSE;2006-07-16
71732;"The Right of the Weakest";116;0;FALSE;2006-07-19
4641;"Read It and Weep";90;0;FALSE;2006-07-21
47491;"The Beales of Grey Gardens";90;0;FALSE;2006-07-21
512;"Scoop";96;31584901;FALSE;2006-07-27
82;"Miami Vice";134;163794509;FALSE;2006-07-27
1255;"The Host";119;88489643;FALSE;2006-07-27
326;"Snakes on a Plane";105;62022014;FALSE;2006-08-06
100017;"Hounded";87;0;FALSE;2006-08-06
53953;"The Tooth Fairy";0;0;FALSE;2006-08-08
1852;"World Trade Center";128;162945894;FALSE;2006-08-09
25764;"Dasepo Naughty Girls";103;0;FALSE;2006-08-10
60293;"Tom and Jerry: Shiver Me Whiskers";74;0;FALSE;2006-08-21
1260;"Lotte from Gadgetville";81;0;FALSE;2006-08-25
1948;"Crank";88;42931041;FALSE;2006-08-31
1249;"Hollywoodland";126;16803753;FALSE;2006-08-31
27904;"Syndromes and a Century";105;0;FALSE;2006-08-31
8093;"Khadak";104;0;FALSE;2006-08-31
36931;"On the Edge";88;0;FALSE;2006-08-31
1523;"The Last King of Scotland";121;48027970;FALSE;2006-09-01
1381;"The Fountain";96;15304890;FALSE;2006-09-06
1730;"INLAND EMPIRE";180;849055;FALSE;2006-09-06
1254;"Don't Worry, I'm Fine";96;0;FALSE;2006-09-06
8998;"Friends with Money";88;13368437;FALSE;2006-09-07
1164;"Babel";143;135330182;FALSE;2006-09-08
32666;"Wild West Comedy Show: 30 Days & 30 Nights - Hollywood to the Heartland";100;0;FALSE;2006-09-08
1262;"Stranger Than Fiction";113;53653224;FALSE;2006-09-09
6641;"Love and Other Disasters";91;0;FALSE;2006-09-09
1717;"All the King's Men";125;9450897;FALSE;2006-09-10
1590;"Copying Beethoven";104;0;FALSE;2006-09-10
2357;"10 Items or Less";81;580527;FALSE;2006-09-11
1919;"Away from Her";110;0;FALSE;2006-09-11
4140;"Blindsight";104;0;FALSE;2006-09-11
4516;"My Best Friend";90;0;FALSE;2006-09-12
1427;"Perfume: The Story of a Murderer";147;132180323;FALSE;2006-09-13
1165;"The Queen";103;123384128;FALSE;2006-09-15
2324;"Local Color";107;32788;FALSE;2006-09-19
2694;"Tuya's Marriage";96;0;FALSE;2006-09-21
1993;"Golden Door";118;0;FALSE;2006-09-22
4643;"The Guardian";139;55011732;FALSE;2006-09-28
5816;"Waiter";95;0;FALSE;2006-09-28
7484;"Open Season";83;197309027;FALSE;2006-09-29
8194;"A Guide To Recognizing Your Saints";104;516139;FALSE;2006-09-29
5850;"Times and Winds";111;0;FALSE;2006-09-29
4977;"Paprika";90;944915;FALSE;2006-10-01
8618;"The History Boys";109;13401952;FALSE;2006-10-02
1422;"The Departed";151;289847354;FALSE;2006-10-05
1964;"A Friend of Mine";84;0;FALSE;2006-10-05
1440;"Little Children";136;14821658;FALSE;2006-10-06
58432;"The Dark Hour";92;0;FALSE;2006-10-06
428;"Summer '04";97;0;FALSE;2006-10-11
90374;"Wood & Stock: Sexo, Orégano e Rock'n'Roll";81;0;FALSE;2006-10-12
1975;"The Grudge 2";102;39143839;FALSE;2006-10-13
26251;"Wanda Sykes: Sick and Tired";70;0;FALSE;2006-10-14
5172;"The Astronaut Farmer";104;11130889;FALSE;2006-10-15
44974;"Kettle of Fish";0;0;FALSE;2006-10-15
3683;"Flags of Our Fathers";132;65900249;FALSE;2006-10-18
1124;"The Prestige";130;109676311;FALSE;2006-10-19
55765;"Righteous Ties";126;0;FALSE;2006-10-19
1593;"Night at the Museum";108;574480841;FALSE;2006-10-20
214;"Saw III";108;163876815;FALSE;2006-10-27
1123;"Catch a Fire";101;4291965;FALSE;2006-10-27
2152;"Dixie Chicks: Shut Up and Sing";93;0;FALSE;2006-10-27
30867;"Scott Walker: 30 Century Man";95;0;FALSE;2006-10-31
496;"Borat: Cultural Learnings of America for Make Benefit Glorious Nation of Kazakhstan";82;261572744;FALSE;2006-11-01
4171;"Odette Toulemonde";100;0;FALSE;2006-11-06
5881;"Twice Upon a Time";92;0;FALSE;2006-11-08
55294;"Canvas";101;0;FALSE;2006-11-12
2286;"Crusade in Jeans";125;0;FALSE;2006-11-15
4880;"Nichts als Gespenster";119;0;FALSE;2006-11-29
2447;"The Nativity Story";101;0;FALSE;2006-12-01
4887;"Takva: A Man's Fear of God";96;0;FALSE;2006-12-01
1372;"Blood Diamond";143;170877916;FALSE;2006-12-07
8275;"American Pie Presents: The Naked Mile";97;0;FALSE;2006-12-07
1581;"The Holiday";136;194168700;FALSE;2006-12-08
54910;"Off the Black";90;0;FALSE;2006-12-08
1271;"300";117;422610419;FALSE;2006-12-09
1247;"The Good Shepherd";167;59908565;FALSE;2006-12-11
2486;"Eragon";104;249288105;FALSE;2006-12-14
1253;"Breaking and Entering";129;8974829;FALSE;2006-12-15
1251;"Letters from Iwo Jima";141;68673228;FALSE;2006-12-19
1246;"Rocky Balboa";102;155721132;FALSE;2006-12-20
1125;"Dreamgirls";134;154937680;FALSE;2006-12-25
1259;"Notes on a Scandal";92;49469904;FALSE;2006-12-25
1988;"A Mighty Heart";100;18928871;FALSE;2007-01-01
2979;"Return of the Ghostbusters";85;0;FALSE;2007-01-01
27721;"In Bar";95;0;FALSE;2007-01-01
1646;"Freedom Writers";123;41170784;FALSE;2007-01-05
5956;"Joshua";105;719968;FALSE;2007-01-21
5718;"King of California";93;1027699;FALSE;2007-01-24
81537;"One Night in A City";76;0;FALSE;2007-01-25
48780;"Boat";8;0;FALSE;2007-01-30
1244;"Eight Miles High";114;0;FALSE;2007-02-01
1257;"Because I Said So";102;69485490;FALSE;2007-02-02
1248;"Hannibal Rising";121;82169884;FALSE;2007-02-06
1407;"La Vie en Rose";140;0;FALSE;2007-02-08
68444;"Blind";98;0;FALSE;2007-02-08
2267;"The Last Mimzy";94;27297451;FALSE;2007-02-09
1845;"2 Days in Paris";96;19776159;FALSE;2007-02-09
2335;"Taxi 4";91;0;FALSE;2007-02-10
2882;"Hunting and Gathering";97;0;FALSE;2007-02-10
1874;"Goodbye Bafana";140;0;FALSE;2007-02-11
4169;"Breach";110;33231264;FALSE;2007-02-12
1922;"Irina Palm";103;0;FALSE;2007-02-13
2692;"The Red Elvis";90;0;FALSE;2007-02-13
4344;"Hotel Very Welcome";90;0;FALSE;2007-02-13
4638;"Hot Fuzz";121;80573774;FALSE;2007-02-14
3489;"88 Minutes";108;16930884;FALSE;2007-02-14
3037;"Yella";89;0;FALSE;2007-02-14
1265;"Bridge to Terabithia";96;137587063;FALSE;2007-02-16
1250;"Ghost Rider";114;228738393;FALSE;2007-02-16
2239;"Hallam Foe";95;60641;FALSE;2007-02-16
3594;"The Number 23";101;77566815;FALSE;2007-02-23
1949;"Zodiac";157;84785914;FALSE;2007-03-02
2977;"Becoming Jane";120;37311672;FALSE;2007-03-02
33817;"Satanás - Profile of a Killer";95;0;FALSE;2007-03-04
3048;"The Great Global Warming Swindle";74;0;FALSE;2007-03-08
1269;"The Vexxer";98;0;FALSE;2007-03-10
25744;"A Slit-Mouthed Woman";90;0;FALSE;2007-03-16
1268;"Mr. Bean's Holiday";90;229736344;FALSE;2007-03-22
2355;"Reign Over Me";124;22222308;FALSE;2007-03-23
1273;"TMNT";90;95608995;FALSE;2007-03-23
1267;"Meet the Robinsons";95;169332978;FALSE;2007-03-23
5723;"Once";85;20710513;FALSE;2007-03-23
46335;"Don't Touch the Axe";137;0;FALSE;2007-03-28
6636;"The Mugger";67;0;FALSE;2007-04-01
1683;"The Reaping";99;62771059;FALSE;2007-04-05
1272;"Sunshine";107;32017803;FALSE;2007-04-05
1992;"Planet Terror";105;0;FALSE;2007-04-06
1419;"Vollidiot";102;0;FALSE;2007-04-11
1562;"28 Weeks Later";100;64238440;FALSE;2007-04-26
4921;"Vivere";102;0;FALSE;2007-04-26
559;"Spider-Man 3";139;890871626;FALSE;2007-05-01
1950;"Lucky You";124;5761917;FALSE;2007-05-01
2197;"Sounds of Sand";96;0;FALSE;2007-05-02
2049;"How to Cook Your Life";93;0;FALSE;2007-05-10
1931;"Stomp the Yard";114;75511123;FALSE;2007-05-16
1989;"My Blueberry Nights";111;21786738;FALSE;2007-05-16
810;"Shrek the Third";93;798958165;FALSE;2007-05-17
2359;"Sicko";123;24538513;FALSE;2007-05-18
285;"Pirates of the Caribbean: At World's End";169;9,61e+08;FALSE;2007-05-19
1990;"Paranoid Park";85;486021;FALSE;2007-05-21
1991;"Death Proof";113;25037897;FALSE;2007-05-21
8267;"The Pope's Toilet";90;0;FALSE;2007-05-21
4998;"Import/Export";135;0;FALSE;2007-05-21
3397;"And Along Come Tourists";85;0;FALSE;2007-05-21
2013;"The Diving Bell and the Butterfly";112;19777647;FALSE;2007-05-22
2011;"Persepolis";95;0;FALSE;2007-05-23
2015;"Secret Sunshine";142;0;FALSE;2007-05-23
2010;"The Mourning Forest";97;0;FALSE;2007-05-24
2001;"We Own the Night";117;54926886;FALSE;2007-05-25
2002;"The Last Mistress";104;0;FALSE;2007-05-30
4964;"Knocked Up";129;219076518;FALSE;2007-06-01
3432;"Mr. Brooks";120;41637263;FALSE;2007-06-01
4519;"Conversations with My Gardener";109;0;FALSE;2007-06-06
6022;"Evening";130;0;FALSE;2007-06-09
1979;"Fantastic 4: Rise of the Silver Surfer";92;289047763;FALSE;2007-06-13
4658;"Arctic Tale";86;0;FALSE;2007-06-17
134881;"More of Me";86;0;FALSE;2007-06-17
4787;"Cassandra's Dream";108;0;FALSE;2007-06-18
1571;"Live Free or Die Hard";128;383531464;FALSE;2007-06-20
2062;"Ratatouille";111;623722818;FALSE;2007-06-22
64197;"Travelling with Pets";97;0;FALSE;2007-06-25
1858;"Transformers";144;709709780;FALSE;2007-06-27
2959;"License to Wed";91;69307224;FALSE;2007-07-04
3021;"1408";104;94679598;FALSE;2007-07-12
3563;"I Now Pronounce You Chuck & Larry";115;186072214;FALSE;2007-07-12
2976;"Hairspray";117;90450008;FALSE;2007-07-13
6535;"Talk to Me";118;4778376;FALSE;2007-07-13
4290;"Supergator";91;0;FALSE;2007-07-14
35;"The Simpsons Movie";87;527068851;FALSE;2007-07-25
3638;"No Reservations";104;92601050;FALSE;2007-07-25
4141;"Shoot 'Em Up";86;26820641;FALSE;2007-07-26
44511;"Noodle";90;0;FALSE;2007-07-26
5857;"I Know Who Killed Me";105;9620399;FALSE;2007-07-27
25795;"Thieves";105;0;FALSE;2007-08-08
2728;"Postal";100;0;FALSE;2007-08-11
8363;"Superbad";113;121463226;FALSE;2007-08-17
4832;"The 11th Hour";95;0;FALSE;2007-08-17
4349;"The Kingdom";110;86658558;FALSE;2007-08-22
2009;"4 Months, 3 Weeks and 2 Days";113;1185783;FALSE;2007-08-24
6936;"Ben X";90;0;FALSE;2007-08-26
6537;"The Orphanage";105;4,4e+07;FALSE;2007-08-27
4347;"Atonement";123;129266061;FALSE;2007-08-29
2082;"Halloween";109;80253908;FALSE;2007-08-31
7343;"City of Men";106;307076;FALSE;2007-08-31
8951;"Don't Think About It";104;0;FALSE;2007-09-01
5353;"The Hunting Party";101;0;FALSE;2007-09-03
7942;"Run, Fatboy, Run";100;3,3e+07;FALSE;2007-09-06
26700;"Nocturna";80;0;FALSE;2007-09-06
5125;"Rendition";120;24748670;FALSE;2007-09-07
5915;"Into the Wild";148;56255142;FALSE;2007-09-11
1912;"Reclaim Your Brain";129;0;FALSE;2007-09-11
8954;"Reservation Road";102;0;FALSE;2007-09-13
4688;"Across the Universe";133;0;FALSE;2007-09-14
2252;"Eastern Promises";100;55112356;FALSE;2007-09-14
4629;"December Boys";105;46474;FALSE;2007-09-20
8827;"99 francs";100;0;FALSE;2007-09-25
3877;"Things We Lost in the Fire";113;2849142;FALSE;2007-09-26
2014;"The Edge of Heaven";122;17804565;FALSE;2007-09-27
4566;"Michael Clayton";119;92991835;FALSE;2007-09-28
4538;"The Darjeeling Limited";91;24377151;FALSE;2007-09-29
3902;"I'm Not There.";135;4001121;FALSE;2007-10-01
1961;"My Name Is Bruce";86;173066;FALSE;2007-10-01
2012;"Silent Light";142;0;FALSE;2007-10-02
6639;"Love in the Time of Cholera";139;4607608;FALSE;2007-10-04
4520;"Sleuth";86;342835;FALSE;2007-10-12
6615;"Lars and the Real Girl";106;11293663;FALSE;2007-10-12
7347;"Elite Squad";115;0;FALSE;2007-10-12
7979;"The Kite Runner";128;73276047;FALSE;2007-10-14
65216;"Bloody Cartoons";0;0;FALSE;2007-10-16
4771;"Gone Baby Gone";113;34619699;FALSE;2007-10-19
4515;"Lions for Lambs";92;63215872;FALSE;2007-10-22
663;"Saw IV";93;139352633;FALSE;2007-10-25
7211;"Dan in Real Life";98;68377859;FALSE;2007-10-26
33495;"2061 - Un anno eccezionale";0;0;FALSE;2007-10-26
3962;"Bis zum Ellenbogen";90;0;FALSE;2007-11-01
5375;"Fred Claus";116;97838349;FALSE;2007-11-03
2310;"Beowulf";115;195735876;FALSE;2007-11-05
6977;"No Country for Old Men";122;171600000;FALSE;2007-11-08
2284;"Mr. Magorium's Wonder Emporium";93;69474661;FALSE;2007-11-14
4523;"Enchanted";107;340487652;FALSE;2007-11-20
41863;"Sundome";0;0;FALSE;2007-11-20
5876;"The Mist";126;57096190;FALSE;2007-11-21
1620;"Hitman";89;99965753;FALSE;2007-11-21
2312;"In the Name of the King: A Dungeon Siege Tale";127;0;FALSE;2007-11-29
2268;"The Golden Compass";113;372234864;FALSE;2007-12-04
59126;"The Holy Modal Rounders: Bound to Lose";87;0;FALSE;2007-12-07
6477;"Alvin and the Chipmunks";92;361366633;FALSE;2007-12-13
6538;"Charlie Wilson's War";102;119000410;FALSE;2007-12-19
440;"Aliens vs Predator: Requiem";94;41797066;FALSE;2007-12-25
8933;"O'Horten";90;0;FALSE;2007-12-26
5139;"The Fox & the Child";110;0;FALSE;2007-12-27
25774;"Fados";90;0;FALSE;2007-12-31
7916;"Far Cry";95;0;FALSE;2008-01-01
8368;"The Garden of Eden";111;0;FALSE;2008-01-01
85788;"Margaret Thatcher: The Long Walk to Finchley";84;0;FALSE;2008-01-01
49957;"Carts of Darkness";60;0;FALSE;2008-01-01
2395;"Asterix at the Olympic Games";116;132900000;FALSE;2008-01-13
3511;"The Broken";93;0;FALSE;2008-01-18
4644;"The Year of Getting to Know Us";90;0;FALSE;2008-01-24
3580;"Changeling";141;113020255;FALSE;2008-01-30
2195;"Beste Zeit";95;0;FALSE;2008-01-31
7944;"Shine a Light";122;0;FALSE;2008-02-07
8266;"Female Agents";117;0;FALSE;2008-02-08
53883;"Anjathe";160;0;FALSE;2008-02-14
7840;"10,000 BC";109;2,66e+08;FALSE;2008-02-22
8848;"The Bank Job";112;64822796;FALSE;2008-02-28
6461;"Cherry Blossoms";127;0;FALSE;2008-03-05
45722;"Don't Look Down";80;0;FALSE;2008-03-07
27255;"From a Place of Darkness";84;0;FALSE;2008-03-25
8988;"Stop-Loss";113;11207130;FALSE;2008-03-28
7210;"Hardcover";90;0;FALSE;2008-04-02
69495;"Lone Rider";82;0;FALSE;2008-04-08
8371;"Guter Junge";90;0;FALSE;2008-04-09
1266;"Street Kings";109;65569869;FALSE;2008-04-10
8617;"Prom Night";88;14796236;FALSE;2008-04-10
1729;"The Forbidden Kingdom";104;127906624;FALSE;2008-04-18
1726;"Iron Man";126;585174222;FALSE;2008-04-30
7459;"Speed Racer";135;93945766;FALSE;2008-05-09
4564;"Sex and the City";145;415252786;FALSE;2008-05-12
8338;"Blindness";121;19844979;FALSE;2008-05-14
8938;"Tokyo!";112;0;FALSE;2008-05-14
2454;"The Chronicles of Narnia: Prince Caspian";150;419651413;FALSE;2008-05-15
8882;"Gomorrah";135;0;FALSE;2008-05-16
8892;"A Christmas Tale";152;7356393;FALSE;2008-05-16
8906;"Cloud 9";98;0;FALSE;2008-05-17
50641;"The End of Poverty?";106;57;FALSE;2008-05-19
8908;"Maradona by Kusturica";90;0;FALSE;2008-05-20
8929;"Johnny Mad Dog";97;0;FALSE;2008-05-20
8931;"The Bastards";90;0;FALSE;2008-05-20
217;"Indiana Jones and the Kingdom of the Crystal Skull";122;786636033;FALSE;2008-05-21
8832;"Il Divo";110;11260366;FALSE;2008-05-23
8935;"Parking";112;0;FALSE;2008-05-23
7346;"Sparrow";87;0;FALSE;2008-06-04
8645;"The Happening";91;163403799;FALSE;2008-06-11
1735;"The Mummy: Tomb of the Dragon Emperor";112;401128639;FALSE;2008-07-01
155;"The Dark Knight";152;1004558444;FALSE;2008-07-16
72701;"Camila Jam";120;0;FALSE;2008-07-18
8836;"The X Files: I Want to Believe";104;68369434;FALSE;2008-07-24
5038;"Vicky Cristina Barcelona";96;96408652;FALSE;2008-08-15
8899;"Lorna's Silence";105;0;FALSE;2008-08-27
59935;"For a Moment, Freedom";110;0;FALSE;2008-08-29
4627;"Krabat and the Legend of the Satanic Mill";120;0;FALSE;2008-09-07
8937;"Tokyo Sonata";120;0;FALSE;2008-09-27
8884;"Franklyn";98;0;FALSE;2008-10-16
4960;"Synecdoche, New York";124;0;FALSE;2008-10-24
8930;"Modern Life";88;0;FALSE;2008-10-27
85394;"33 Scenes from Life";100;0;FALSE;2008-11-07
8966;"Twilight";122;392616625;FALSE;2008-11-20
58376;"Presumed Guilty";87;0;FALSE;2008-11-21
8927;"Involuntary";98;0;FALSE;2008-11-28
31221;"Dragon Hunter";90;0;FALSE;2008-12-01
31184;"The Accidental Gangster and the Mistaken Courtesean";103;0;FALSE;2008-12-03
26010;"Legendary Assassin";89;0;FALSE;2008-12-05
25852;"Nothing Like the Holidays";98;0;FALSE;2008-12-12
4148;"Revolutionary Road";119;75225693;FALSE;2008-12-19
2253;"Valkyrie";121;200276000;FALSE;2008-12-25
2333;"Buddenbrooks";151;0;FALSE;2008-12-25
26430;"The Carter";75;0;FALSE;2009-01-01
40819;"Best Worst Movie";93;0;FALSE;2009-01-01
31549;"Blood River";104;0;FALSE;2009-01-01
2325;"Leningrad";120;0;FALSE;2009-01-01
39398;"Waiting for Armageddon";74;0;FALSE;2009-01-01
1731;"Helen";120;0;FALSE;2009-01-06
8948;"The Pearl Color";103;0;FALSE;2009-01-08
63540;"To the Sea!";100;0;FALSE;2009-01-08
133365;"The Diary of Anne Frank";100;0;FALSE;2009-01-09
6163;"The Hessen Affair";108;0;FALSE;2009-01-14
26694;"Big River Man";100;0;FALSE;2009-01-15
32395;"The Greatest";99;0;FALSE;2009-01-17
53121;"Barking Water";85;0;FALSE;2009-01-17
33558;"Dog Eat Dog";106;0;FALSE;2009-01-23
8880;"Che: Part Two";131;0;FALSE;2009-01-24
7445;"Brothers";104;43318349;FALSE;2009-01-27
73881;"Thawing Out";28;0;FALSE;2009-02-02
60086;"Babysitter Wanted";93;0;FALSE;2009-02-06
30846;"Burrowing";76;0;FALSE;2009-02-07
26350;"Perestroika";97;0;FALSE;2009-03-20
78174;"Van Gogh: Brush with Genius";38;0;FALSE;2009-03-25
1450;"Blood: The Last Vampire";91;0;FALSE;2009-04-02
59333;"Official Rejection";108;0;FALSE;2009-04-04
26152;"Erreur de la banque en votre faveur";98;0;FALSE;2009-04-08
2080;"X-Men Origins: Wolverine";107;373062864;FALSE;2009-04-28
26342;"The Terminators";89;0;FALSE;2009-04-28
1977;"The Grudge 3";90;38610009;FALSE;2009-05-12
69746;"The String";93;0;FALSE;2009-05-12
534;"Terminator Salvation";115;371353001;FALSE;2009-05-20
39414;"Paper Man";110;0;FALSE;2009-06-15
8373;"Transformers: Revenge of the Fallen";150;836297228;FALSE;2009-06-19
103539;"Kelin";84;0;FALSE;2009-06-26
26693;"Ju-on: White Ghost";61;0;FALSE;2009-06-27
767;"Harry Potter and the Half-Blood Prince";153;933959197;FALSE;2009-07-07
4475;"The Private Lives of Pippa Lee";98;0;FALSE;2009-07-07
26587;"Dread";108;0;FALSE;2009-07-14
27317;"Patton Oswalt: My Weakness Is Strong";63;0;FALSE;2009-08-25
26736;"Wizards of Waverly Place: The Movie";94;0;FALSE;2009-08-28
27646;"Night of the Demons";93;0;FALSE;2009-08-30
26320;"Taking Woodstock";120;0;FALSE;2009-09-03
25769;"Carriers";84;5802422;FALSE;2009-09-04
8893;"It's Hard Being Loved by Jerks";118;0;FALSE;2009-09-17
32582;"The Message";118;0;FALSE;2009-09-22
72733;"Bangkok Traffic Love Story";126;0;FALSE;2009-10-15
54734;"Small Potatoes: Who Killed the USFL?";53;0;FALSE;2009-10-20
26750;"Fall of the Republic: The Presidency of Barack H. Obama";144;0;FALSE;2009-10-21
8915;"Amelia";111;19258519;FALSE;2009-10-22
58156;"Pure";100;0;FALSE;2009-10-22
25868;"Aladin";132;0;FALSE;2009-10-29
43635;"My Rainy Days";119;0;FALSE;2009-11-07
25941;"Harry Brown";103;10329747;FALSE;2009-11-11
51935;"House of Boys";113;0;FALSE;2009-11-20
26505;"Arthur and the Revenge of Maltazard";93;0;FALSE;2009-11-26
26171;"Everybody's Fine";99;0;FALSE;2009-12-04
44555;"A Woman, a Gun and a Noodle Shop";95;0;FALSE;2009-12-11
48414;"Alamar";73;0;FALSE;2009-12-16
80831;"Sang Pemimpi";121;0;FALSE;2009-12-17
26809;"Prep & Landing";22;0;FALSE;2009-12-24
7980;"The Lovely Bones";136;93525586;FALSE;2009-12-26
31162;"Black Lightning";102;21500000;FALSE;2009-12-31
55245;"!Women Art Revolution";83;0;FALSE;2010-01-01
71700;"Repeaters";89;0;FALSE;2010-01-01
88744;"The Woman with the 5 Elephants";93;0;FALSE;2010-01-09
55063;"Still Bill";78;0;FALSE;2010-01-27
34583;"The Final";93;0;FALSE;2010-01-28
40817;"Kiss Me Again";139;0;FALSE;2010-01-29
93498;"Card Subject To Change";87;0;FALSE;2010-02-13
43908;"Kosmos";122;0;FALSE;2010-02-17
70862;"American Grindhouse";80;0;FALSE;2010-03-13
31035;"A Somewhat Gentle Man";103;0;FALSE;2010-03-19
47610;"Gravity";97;0;FALSE;2010-03-24
52767;"The Hunter";90;0;FALSE;2010-04-08
39446;"At Risk";90;0;FALSE;2010-04-10
54732;"Silly Little Game";53;0;FALSE;2010-04-20
55895;"Monogamy";94;0;FALSE;2010-04-24
47261;"Carancho";107;0;FALSE;2010-05-06
44671;"Racing Dreams";93;0;FALSE;2010-05-14
74727;"Long Pigs";81;0;FALSE;2010-05-18
45662;"Space Chimps 2: Zartog Strikes Back";76;0;FALSE;2010-05-26
70418;"Wasted on the Young";97;0;FALSE;2010-06-13
47518;"The Tortured";79;0;FALSE;2010-06-15
44245;"Triple Tap";117;0;FALSE;2010-06-30
59392;"Backlight";90;0;FALSE;2010-07-10
27022;"The Sorcerer's Apprentice";109;215283742;FALSE;2010-07-13
54328;"Ocean Heaven";96;0;FALSE;2010-08-05
43930;"Tomorrow, When the War Began";103;16504936;FALSE;2010-08-08
59421;"Bedevilled";115;0;FALSE;2010-08-19
43919;"Hatchet II";89;52604;FALSE;2010-08-26
69406;"Rio Sex Comedy";124;0;FALSE;2010-09-16
46967;"Bill Burr: Let It Go";65;0;FALSE;2010-09-18
50583;"Red Eagle";130;0;FALSE;2010-10-07
75341;"Budrus";70;0;FALSE;2010-10-08
47330;"Stewart Lee: If You Prefer a Milder Comedian, Please Ask for One";105;0;FALSE;2010-10-11
53999;"My Super Psycho Sweet 16: Part 2";0;0;FALSE;2010-10-22
59429;"Paranormal Activity: Tokyo Night";91;0;FALSE;2010-11-20
85025;"Memory Lane";98;0;FALSE;2010-11-24
58365;"Just Call Me Nobody";119;0;FALSE;2010-12-03
73211;"King of Devil's Island";120;0;FALSE;2010-12-16
57243;"The Women on the 6th Floor";106;0;FALSE;2010-12-20
91325;"Looking for Lenny";0;0;FALSE;2011-01-01
142507;"Exit";90;0;FALSE;2011-01-01
56339;"Qualunquemente";96;0;FALSE;2011-01-21
56171;"Mega Python vs. Gatoroid";90;0;FALSE;2011-01-29
61348;"The Lost Valentine";100;0;FALSE;2011-01-30
78088;"Earthling";114;0;FALSE;2011-03-14
134569;"The House";72;0;FALSE;2011-03-17
57353;"Cat Run";102;0;FALSE;2011-04-01
59118;"The Prey";102;0;FALSE;2011-04-12
50601;"5 Days of War";113;17479;FALSE;2011-04-14
64501;"Naughty @ 40";0;0;FALSE;2011-04-14
61123;"Vares - The Girls of April";95;0;FALSE;2011-04-20
55721;"Bridesmaids";125;288383523;FALSE;2011-04-28
81660;"The Selling";92;0;FALSE;2011-04-29
100272;"Harold's Going Stiff";77;0;FALSE;2011-05-06
1865;"Pirates of the Caribbean: On Stranger Tides";136;1045713802;FALSE;2011-05-14
49013;"Cars 2";106;559852396;FALSE;2011-06-11
51540;"Horrible Bosses";98;1,17e+08;FALSE;2011-07-08
69278;"Phase 7";95;0;FALSE;2011-07-13
79553;"The Front Line";133;0;FALSE;2011-07-20
1771;"Captain America: The First Avenger";124;370569774;FALSE;2011-07-22
59810;"The Least of These";0;0;FALSE;2011-08-02
79224;"War of the Arrows";122;4,9e+07;FALSE;2011-08-10
80717;"Violeta Went to Heaven";110;0;FALSE;2011-08-11
73290;"Urban Explorer";88;0;FALSE;2011-09-08
74458;"Mere Brother Ki Dulhan";139;18050000;FALSE;2011-09-09
74510;"Kevin Hart: Laugh at My Pain";89;0;FALSE;2011-09-09
127728;"8:46";50;0;FALSE;2011-09-11
74944;"War of the Buttons";109;0;FALSE;2011-09-12
94478;"You Instead";80;0;FALSE;2011-09-16
75803;"Catching Hell";105;0;FALSE;2011-09-27
48231;"A Dangerous Method";99;27462041;FALSE;2011-09-30
71254;"Arena";94;0;FALSE;2011-10-11
103502;"Night #1";91;0;FALSE;2011-10-12
91628;"Three Quarter Moon";94;0;FALSE;2011-10-13
86000;"Always";108;0;FALSE;2011-10-20
86593;"Wild Bill";98;0;FALSE;2011-10-21
110553;"Austin High";100;0;FALSE;2011-10-22
49530;"In Time";109;173930596;FALSE;2011-10-27
77561;"EVA";94;0;FALSE;2011-10-28
106417;"Kaiji 2: The Ultimate Gambler";133;15;FALSE;2011-11-05
91690;"The Snows of Kilimanjaro";90;0;FALSE;2011-11-16
84154;"Donald Glover: Weirdo";60;0;FALSE;2011-11-19
92424;"The Art of Love";85;0;FALSE;2011-11-23
77866;"Contraband";109;63100000;FALSE;2012-01-12
112735;"The Skinny";103;0;FALSE;2012-02-10
96821;"Caesar Must Die";76;0;FALSE;2012-02-11
98604;"Cinderella";91;0;FALSE;2012-02-14
89870;"Brooklyn Boheme";0;0;FALSE;2012-02-27
93855;"Posti in piedi in paradiso";0;0;FALSE;2012-03-02
93840;"Blind Man";94;0;FALSE;2012-03-06
62764;"Mirror Mirror";106;183018522;FALSE;2012-03-15
95744;"La montana rusa";110;0;FALSE;2012-03-15
85414;"Brake";92;0;FALSE;2012-03-22
98369;"Blue Like Jazz";106;0;FALSE;2012-04-13
114464;"Design of Death";108;0;FALSE;2012-04-28
71668;"Piranha 3DD";83;8493728;FALSE;2012-05-11
115210;"Stitches";86;95000;FALSE;2012-05-19
116977;"Foodfight!";87;73706;FALSE;2012-06-15
121491;"Deranged";109;0;FALSE;2012-07-05
107978;"Cockpit";96;0;FALSE;2012-07-13
84312;"Mosquita y Mari";85;0;FALSE;2012-08-03
122924;"One in the Chamber";91;0;FALSE;2012-08-21
49526;"Premium Rush";91;31083599;FALSE;2012-08-24
58559;"Confession of a Child of the Century";120;0;FALSE;2012-08-29
90603;"Beauty Is Embarrassing";88;0;FALSE;2012-09-07
140174;"Rise of the Zombies";90;0;FALSE;2012-10-27
148652;"The Eleventh Victim";89;0;FALSE;2012-11-03
84187;"The Comedy";95;0;FALSE;2012-11-09
111443;"The End";95;0;FALSE;2012-11-23
105121;"Tchoupitoulas";82;0;FALSE;2012-12-07
89492;"This Is 40";134;88058786;FALSE;2012-12-20
158238;"Stolen Seas";90;0;FALSE;2013-01-18
103731;"Mud";130;21587700;FALSE;2013-05-01
86817;"The Cosmonaut";93;0;FALSE;2013-05-17
97938;"Heart of the Country";87;0;FALSE;2013-08-19
31156;"Dante's Hell Animated";35;0;FALSE;2013-11-25
189;"Sin City: A Dame to Kill For";102;39407616;FALSE;2014-08-20
86835;"Knight of Cups";118;566006;FALSE;2015-02-08
